"","gss_code","med_caring","med_enjoying","med_learning","med_living","med_supplying","med_div_score","med_prox_score","med_total_score","med_func_comp","med_log_func_comp","ward_name","ward_hectares","borough","ward_name2"
"1","E05000001",217,1714,124,162,525,1,0.5,1.5,548.4,6.30700494768816,"Aldersgate",8.636,"City of London","Aldersgate"
"2","E05000002",217,1714,124,162,525,1,0.4,1.4,548.4,6.30700494768816,"Aldgate",11.227,"City of London","Aldgate"
"3","E05000003",217,1714,124,162,525,1,0.8,1.8,548.4,6.30700494768816,"Bassishaw",10.031,"City of London","Bassishaw"
"4","E05000004",217,1714,124,162,525,1,0.5,1.5,548.4,6.30700494768816,"Billingsgate",12.163,"City of London","Billingsgate"
"5","E05000005",217,1714,124,162,525,1,0.4,1.4,548.4,6.30700494768816,"Bishopsgate",25.271,"City of London","Bishopsgate"
"6","E05000006",217,1714,124,162,525,1,0.7,1.7,548.4,6.30700494768816,"Bread Street",9.712,"City of London","Bread Street"
"7","E05000007",217,1714,124,162,525,1,0.6,1.6,548.4,6.30700494768816,"Bridge",9.419,"City of London","Bridge"
"8","E05000008",217,1714,124,162,525,1,0.6,1.6,548.4,6.30700494768816,"Broad Street",8.188,"City of London","Broad Street"
"9","E05000009",217,1714,124,162,525,1,0.8,1.8,548.4,6.30700494768816,"Candlewick",4.346,"City of London","Candlewick"
"10","E05000010",217,1714,124,162,525,1,0.2,1.2,548.4,6.30700494768816,"Castle Baynard",36.065,"City of London","Castle Baynard"
"11","E05000011",217,1714,124,162,525,1,1,2,548.4,6.30700494768816,"Cheap",8.908,"City of London","Cheap"
"12","E05000012",217,1714,124,162,525,1,0.8,1.8,548.4,6.30700494768816,"Coleman Street",15.404,"City of London","Coleman Street"
"13","E05000013",217,1714,124,162,525,1,0.8,1.8,548.4,6.30700494768816,"Cordwainer",6.072,"City of London","Cordwainer"
"14","E05000014",217,1714,124,162,525,1,0.8,1.8,548.4,6.30700494768816,"Cornhill",6.478,"City of London","Cornhill"
"15","E05000015",217,1714,124,162,525,1,0.2,1.2,548.4,6.30700494768816,"Cripplegate",14.545,"City of London","Cripplegate"
"16","E05000016",217,1714,124,162,525,1,0.6,1.6,548.4,6.30700494768816,"Dowgate",9.573,"City of London","Dowgate"
"17","E05000017",217,1714,124,162,525,1,0.4,1.4,548.4,6.30700494768816,"Farringdon Within",23.152,"City of London","Farringdon Within"
"18","E05000018",217,1714,124,162,525,1,0,1,548.4,6.30700494768816,"Farringdon Without",34.348,"City of London","Farringdon Without"
"19","E05000019",217,1714,124,162,525,1,0.6,1.6,548.4,6.30700494768816,"Langbourn",5.633,"City of London","Langbourn"
"20","E05000020",217,1714,124,162,525,1,0.6,1.6,548.4,6.30700494768816,"Lime Street",5.512,"City of London","Lime Street"
"21","E05000021",217,1714,124,162,525,1,0.2,1.2,548.4,6.30700494768816,"Portsoken",6.209,"City of London","Portsoken"
"22","E05000022",217,1714,124,162,525,1,0.5,1.5,548.4,6.30700494768816,"Queenhithe",7.954,"City of London","Queenhithe"
"23","E05000023",217,1714,124,162,525,1,0.2,1.2,548.4,6.30700494768816,"Tower",19.734,"City of London","Tower"
"24","E05000024",217,1714,124,162,525,1,0.7,1.7,548.4,6.30700494768816,"Vintry",9.211,"City of London","Vintry"
"25","E05000025",217,1714,124,162,525,1,0.8,1.8,548.4,6.30700494768816,"Walbrook",7.152,"City of London","Walbrook"
"26","E05000026",3,2,2,2,3,0.8,0.8,1.6,2.4,0.8754687373539,"Abbey",128.292,"Barking and Dagenham","Abbey"
"27","E05000027",0,0,2,2,1,0.6,0.6,1.2,1,0,"Alibon",136.442,"Barking and Dagenham","Alibon"
"28","E05000028",2,10,0,4,12,0.8,0.8,1.6,5.4,1.68639895357023,"Becontree",128.809,"Barking and Dagenham","Becontree"
"29","E05000029",0,3,0,2,2,0.6,0.6,1.2,1.2,0.182321556793955,"Chadwell Heath",338.422,"Barking and Dagenham","Chadwell Heath"
"30","E05000030",0,3,2,2,4,0.6,0,0.8,2,0.693147180559945,"Eastbrook",345.06,"Barking and Dagenham","Eastbrook"
"31","E05000031",1,7,0,2,4,0.8,0.8,1.4,2.8,1.02961941718116,"Eastbury",143.921,"Barking and Dagenham","Eastbury"
"32","E05000032",0,3,3,3,4,0.8,0.8,1.6,1.8,0.587786664902119,"Gascoigne",113.874,"Barking and Dagenham","Gascoigne"
"33","E05000033",2,10,1,7,14,1,0.6,1.4,7.6,2.02814824729229,"Goresbrook",127.782,"Barking and Dagenham","Goresbrook"
"34","E05000034",4,21,2,8,23,1,0.4,1.4,12,2.484906649788,"Heath",200.128,"Barking and Dagenham","Heath"
"35","E05000035",5,3,0,3,2,0.8,0.6,1.4,2.8,1.02961941718116,"Longbridge",164.53,"Barking and Dagenham","Longbridge"
"36","E05000036",3,10,0,2,11,0.8,0.6,1.4,4.8,1.56861591791385,"Mayesbrook",185.642,"Barking and Dagenham","Mayesbrook"
"37","E05000037",3,6,1,3,8,0.8,0.8,1.4,4.4,1.48160454092422,"Parsloes",124.384,"Barking and Dagenham","Parsloes"
"38","E05000038",1,8,1,4,3,1,0,1,3.4,1.22377543162212,"River",354.369,"Barking and Dagenham","River"
"39","E05000039",0,3,1,2,3,0.6,0.2,1,1.8,0.587786664902119,"Thames",788.848,"Barking and Dagenham","Thames"
"40","E05000040",1,6,0,4,5,0.6,0.8,1.4,2.8,1.02961941718116,"Valence",129.284,"Barking and Dagenham","Valence"
"41","E05000041",3,10,0,5,18,0.8,0.6,1.4,7.2,1.97408102602201,"Village",214.748,"Barking and Dagenham","Village"
"42","E05000042",2,7,0,4,5,0.8,0.8,1.6,2.8,1.02961941718116,"Whalebone",155.399,"Barking and Dagenham","Whalebone"
"43","E05000043",2,7,1,2,9,0.8,0.6,1.4,4,1.38629436111989,"Brunswick Park",317.526,"Barnet","Brunswick Park"
"44","E05000044",3,8,3,8,11,1,0.6,1.4,4.2,1.43508452528932,"Burnt Oak",206.719,"Barnet","Burnt Oak"
"45","E05000045",4,9,3,4,7,0.8,0.8,1.6,7.6,2.02814824729229,"Childs Hill",309.301,"Barnet","Childs Hill"
"46","E05000046",1,8,1,3,4,1,0.6,1.5,3.8,1.33500106673234,"Colindale",263.627,"Barnet","Colindale"
"47","E05000047",3,10,2,4,6,1,0.8,1.6,5.4,1.68639895357023,"Coppetts",272.058,"Barnet","Coppetts"
"48","E05000048",4,31,4,6,20,1,0.6,1.4,13,2.56494935746154,"East Barnet",374.943,"Barnet","East Barnet"
"49","E05000049",4,21,5,6,8,1,0.6,1.6,8.8,2.17475172148416,"East Finchley",250.989,"Barnet","East Finchley"
"50","E05000050",5,6,3,4,6,1,0,1,3.6,1.28093384546206,"Edgware",555.652,"Barnet","Edgware"
"51","E05000051",1,2,1,3,0,0.6,0.6,1.2,1.4,0.336472236621213,"Finchley Church End",272.564,"Barnet","Finchley Church End"
"52","E05000052",4,6,3,4,6,0.8,0.6,1.2,3.2,1.16315080980568,"Garden Suburb",472.705,"Barnet","Garden Suburb"
"53","E05000053",0,2,1,3,1,0.8,0.8,1.4,1.4,0.336472236621213,"Golders Green",297.292,"Barnet","Golders Green"
"54","E05000054",2,6,1,4,5,1,0,1,3.6,1.28093384546206,"Hale",542.315,"Barnet","Hale"
"55","E05000055",1,10,4,9,6,1,0.6,1.6,5.4,1.68639895357023,"Hendon",283.871,"Barnet","Hendon"
"56","E05000056",1,3,1,2,1,0.8,0,0.8,1.2,0.182321556793955,"High Barnet",830.666,"Barnet","High Barnet"
"57","E05000057",2,5,1,4,4,1,0,1,2.2,0.78845736036427,"Mill Hill",938.921,"Barnet","Mill Hill"
"58","E05000058",2,7,3,3,3,0.8,0.6,1.4,3.8,1.33500106673234,"Oakleigh",331.861,"Barnet","Oakleigh"
"59","E05000059",0,2,1,3,0,0.6,0,0.8,1,0,"Totteridge",877.446,"Barnet","Totteridge"
"60","E05000060",2,3,1,3,5,0.8,0.4,1.2,3.2,1.16315080980568,"Underhill",455.053,"Barnet","Underhill"
"61","E05000061",2,2,1,4,2,0.8,0.8,1.6,1.8,0.587786664902119,"West Finchley",216.344,"Barnet","West Finchley"
"62","E05000062",1,5,1,4,3,0.8,0.6,1.4,1.4,0.336472236621213,"West Hendon",342.865,"Barnet","West Hendon"
"63","E05000063",6,17,1,7,6,1,0.6,1.4,8.8,2.17475172148416,"Woodhouse",262.117,"Barnet","Woodhouse"
"64","E05000064",1,4,1,2,4,0.8,0.6,1.4,3.2,1.16315080980568,"Barnehurst",287.74,"Bexley","Barnehurst"
"65","E05000065",0,2,1,3,2,0.6,0.4,1.2,1.6,0.470003629245736,"Belvedere",317.549,"Bexley","Belvedere"
"66","E05000066",3,6,0,5,6,0.8,0.6,1.4,4,1.38629436111989,"Blackfen and Lamorbey",168.558,"Bexley","Blackfen and Lamorbey"
"67","E05000067",1,7,0,2,6,0.8,0.6,1.4,3,1.09861228866811,"Blendon and Penhill",209.79,"Bexley","Blendon and Penhill"
"68","E05000068",2,9,1,2,10,0.8,0.8,1.4,4.6,1.52605630349505,"Brampton",196.746,"Bexley","Brampton"
"69","E05000069",0,3,1,3,1,0.8,0.4,1.2,1.4,0.336472236621213,"Christchurch",255.207,"Bexley","Christchurch"
"70","E05000070",1,1,1,3,2,0.8,0.6,1.4,1.4,0.336472236621213,"Colyers",164.393,"Bexley","Colyers"
"71","E05000071",9,34,3,8,33,1,0.2,1.2,18.8,2.9338568698359,"Crayford",397.229,"Bexley","Crayford"
"72","E05000072",0,5,0,2,5,0.6,0,0.8,2,0.693147180559945,"Cray Meadows",719.031,"Bexley","Cray Meadows"
"73","E05000073",1,8,1,3,6,0.8,0.6,1.2,3.4,1.22377543162212,"Danson Park",271.324,"Bexley","Danson Park"
"74","E05000074",1,0,1,2,1,0.8,0.6,1.4,1,0,"East Wickham",217.313,"Bexley","East Wickham"
"75","E05000075",0,2,0,2,3,0.6,0.6,1.2,1.6,0.470003629245736,"Erith",475.333,"Bexley","Erith"
"76","E05000076",3,12,3,6,6,1,0.6,1.6,6,1.79175946922805,"Falconwood and Welling",167.026,"Bexley","Falconwood and Welling"
"77","E05000077",1,3,0,2,1,0.6,0.6,1.2,1.2,0.182321556793955,"Lesnes Abbey",237.019,"Bexley","Lesnes Abbey"
"78","E05000078",2,3,0,2,4,0.8,0.6,1.4,2.2,0.78845736036427,"Longlands",259.723,"Bexley","Longlands"
"79","E05000079",1,3,1,4,1,0.8,0,0.8,1.8,0.587786664902119,"North End",568.001,"Bexley","North End"
"80","E05000080",2,3,0.5,0,3,0.6,0.8,1.4,1.6,0.470003629245736,"Northumberland Heath",175.282,"Bexley","Northumberland Heath"
"81","E05000081",2,4,0,4,2,0.6,0.4,1,1.6,0.470003629245736,"St. Mary's",442.853,"Bexley","St. Mary's"
"82","E05000082",2,5,2,2,3,1,0.6,1.6,2.6,0.955511445027436,"St. Michael's",144.814,"Bexley","St. Michael's"
"83","E05000083",2,1,2,2,1,0.8,0.6,1.4,1.8,0.587786664902119,"Sidcup",270.347,"Bexley","Sidcup"
"84","E05000084",0,2,1,0,2,0.6,0,0.6,1,0,"Thamesmead East",483.369,"Bexley","Thamesmead East"
"85","E05000085",1,4,0,4,4,0.8,0.6,1.2,1.8,0.587786664902119,"Alperton",205.853,"Brent","Alperton"
"86","E05000086",3,1,1,2,5,1,0.6,1.4,2.6,0.955511445027436,"Barnhill",297.908,"Brent","Barnhill"
"87","E05000087",0,1,0,0,6,0.4,0.6,1.2,1.6,0.470003629245735,"Brondesbury Park",172.942,"Brent","Brondesbury Park"
"88","E05000088",1,3,1,2,2,0.8,0.8,1.6,1.6,0.470003629245736,"Dollis Hill",229.956,"Brent","Dollis Hill"
"89","E05000089",2,3,2,2,4,1,0.6,1.6,3,1.09861228866811,"Dudden Hill",168.144,"Brent","Dudden Hill"
"90","E05000090",2,1,0,2,2,0.8,0.6,1.4,2.2,0.78845736036427,"Fryent",265.938,"Brent","Fryent"
"91","E05000091",0,2,0,4,3,0.6,0.8,1.6,1.4,0.336472236621213,"Harlesden",111.37,"Brent","Harlesden"
"92","E05000092",12,40,1,8,34,1,0.8,1.6,19,2.94443897916644,"Kensal Green",112.008,"Brent","Kensal Green"
"93","E05000093",2,10,1,4,15,1,0.6,1.4,6.2,1.82454929205105,"Kenton",224.315,"Brent","Kenton"
"94","E05000094",1,2,0,3,2,0.8,0.8,1.4,2.2,0.78845736036427,"Kilburn",94.4,"Brent","Kilburn"
"95","E05000095",6,3,0,5,1,0.8,0.6,1.6,3,1.09861228866811,"Mapesbury",139.347,"Brent","Mapesbury"
"96","E05000096",7,17,3,8,22,1,0.4,1.2,12.6,2.53369681395743,"Northwick Park",267.991,"Brent","Northwick Park"
"97","E05000097",1,4,1,2,2,0.6,0.8,1.4,2,0.693147180559945,"Preston",238.828,"Brent","Preston"
"98","E05000098",5,13.5,0,4,11,0.8,0.8,1.4,7.4,2.00148000021012,"Queens Park",148.562,"Brent","Queens Park"
"99","E05000099",2,6,0,3,3,0.8,0.8,1.6,3.8,1.33500106673234,"Queensbury",205.124,"Brent","Queensbury"
"100","E05000100",1,3,1,3,5,0.8,0.6,1.4,2.6,0.955511445027436,"Stonebridge",405.063,"Brent","Stonebridge"
"101","E05000101",1,1,0,2,3,0.8,0.6,1.4,1.4,0.336472236621213,"Sudbury",212.48,"Brent","Sudbury"
"102","E05000102",0,1,0,2,3,0.6,0.6,1.2,1.2,0.182321556793955,"Tokyngton",275.917,"Brent","Tokyngton"
"103","E05000103",2,0.5,1,2,1,0.8,0.8,1.4,1.6,0.470003629245736,"Welsh Harp",231.897,"Brent","Welsh Harp"
"104","E05000104",8,33,15,16,36,1,0.4,1.4,21.6,3.07269331469012,"Wembley Central",160.424,"Brent","Wembley Central"
"105","E05000105",10,74,6,16,38,1,0.6,1.6,28.8,3.3603753871419,"Willesden Green",154.803,"Brent","Willesden Green"
"106","E05000106",1,2,0,1,2,0.8,0.6,1.4,1.8,0.587786664902119,"Bickley",486.913,"Bromley","Bickley"
"107","E05000107",1,2,0,2,4,0.8,0,0.8,1.8,0.587786664902119,"Biggin Hill",828.039,"Bromley","Biggin Hill"
"108","E05000108",0,2,0,4,4,0.6,0.2,1,2.4,0.8754687373539,"Bromley Common and Keston",830.82,"Bromley","Bromley Common and Keston"
"109","E05000109",2,7,2,2,5,1,0.6,1.4,4.4,1.48160454092422,"Bromley Town",371.656,"Bromley","Bromley Town"
"110","E05000110",1,3,1,4,3,0.8,0,0.8,1.8,0.587786664902119,"Chelsfield and Pratts Bottom",1256.32,"Bromley","Chelsfield and Pratts Bottom"
"111","E05000111",1,6,0,2,6,0.6,0,1,2.8,1.02961941718116,"Chislehurst",1044.12,"Bromley","Chislehurst"
"112","E05000112",5,11,1,6,8,0.8,0.8,1.6,5.6,1.7227665977411,"Clock House",226.647,"Bromley","Clock House"
"113","E05000113",1,5,1,3,0,0.8,0.6,1.4,1.2,0.182321556793955,"Copers Cope",328.692,"Bromley","Copers Cope"
"114","E05000114",0,3,3,2,1,0.8,0,0.8,1.8,0.587786664902119,"Cray Valley East",1327.866,"Bromley","Cray Valley East"
"115","E05000115",3.5,8,1,2,7,1,0.4,1.2,4,1.38629436111989,"Cray Valley West",393.85,"Bromley","Cray Valley West"
"116","E05000116",2,22,2,6,4,1,0.6,1.4,5.8,1.75785791755237,"Crystal Palace",229.114,"Bromley","Crystal Palace"
"117","E05000117",0,5,1,1,0,0.6,0,0.6,1.6,0.470003629245735,"Darwin",2903.96,"Bromley","Darwin"
"118","E05000118",2,9,1,5,5,1,0,1,4.6,1.52605630349505,"Farnborough and Crofton",700.584,"Bromley","Farnborough and Crofton"
"119","E05000119",1,4,1,4,4,0.8,0,1,2.8,1.02961941718116,"Hayes and Coney Hall",1082.306,"Bromley","Hayes and Coney Hall"
"120","E05000120",1,8,1,5,6,1,0.6,1.4,4.2,1.43508452528932,"Kelsey and Eden Park",519.895,"Bromley","Kelsey and Eden Park"
"121","E05000121",2,11,1,2,4,0.8,0.4,1.2,3.8,1.33500106673234,"Mottingham and Chislehurst North",244.184,"Bromley","Mottingham and Chislehurst North"
"122","E05000122",2,4,2,2,4,1,0.4,1.2,2.8,1.02961941718116,"Orpington",425.616,"Bromley","Orpington"
"123","E05000123",0,3,0,2,2,0.6,0.6,1.2,1.4,0.336472236621213,"Penge and Cator",295.972,"Bromley","Penge and Cator"
"124","E05000124",2,1,2,3,0,0.6,0.2,1,1.2,0.182321556793955,"Petts Wood and Knoll",430.127,"Bromley","Petts Wood and Knoll"
"125","E05000125",1,5,1,4,6,1,0.4,1.2,3.4,1.22377543162212,"Plaistow and Sundridge",400.094,"Bromley","Plaistow and Sundridge"
"126","E05000126",1,4,0,3,9,0.8,0.4,1.2,4,1.38629436111989,"Shortlands",245.665,"Bromley","Shortlands"
"127","E05000127",4,9,1,4,11,0.8,0.4,1,5.8,1.75785791755237,"West Wickham",441.047,"Bromley","West Wickham"
"128","E05000128",11,16,3,8,9,1,0.8,1.8,9.4,2.24070968927596,"Belsize",78.057,"Camden","Belsize"
"129","E05000129",366,2153,306,269,1473,1,0.4,1.4,913.4,6.8171739007509,"Bloomsbury",102.091,"Camden","Bloomsbury"
"130","E05000130",0,4,1,2,0,0.6,0.4,1,1,0,"Camden Town with Primrose Hill",116.615,"Camden","Camden Town with Primrose Hill"
"131","E05000131",1,4,1,2,0,0.8,0.8,1.4,1.8,0.587786664902119,"Cantelowes",75.933,"Camden","Cantelowes"
"132","E05000132",8,15,4,4,9,1,0.6,1.4,8,2.07944154167984,"Fortune Green",100.652,"Camden","Fortune Green"
"133","E05000133",2,7,4,3,5,0.8,0.8,1.4,2.8,1.02961941718116,"Frognal and Fitzjohns",153.023,"Camden","Frognal and Fitzjohns"
"134","E05000134",1,4,1,3,2,1,0.8,1.7,2.6,0.955511445027436,"Gospel Oak",69.232,"Camden","Gospel Oak"
"135","E05000135",1,3,1,2,2,0.8,0.8,1.4,1.4,0.336472236621213,"Hampstead Town",244.939,"Camden","Hampstead Town"
"136","E05000136",0,3,1,2,1,0.6,0.6,1.4,1.6,0.470003629245735,"Haverstock",73.177,"Camden","Haverstock"
"137","E05000137",8,11,1,4,2,1,0.4,1,5.4,1.68639895357023,"Highgate",323.926,"Camden","Highgate"
"138","E05000138",366,2153,306,269,1473,1,0.2,1.2,913.4,6.8171739007509,"Holborn and Covent Garden",119.493,"Camden","Holborn and Covent Garden"
"139","E05000139",1,11,2,2,0,0.8,0.6,1.4,3.2,1.16315080980568,"Kentish Town",102.895,"Camden","Kentish Town"
"140","E05000140",0,6,1,1,0,0.6,0.4,1.2,1.6,0.470003629245735,"Kilburn",68.518,"Camden","Kilburn"
"141","E05000141",366,2153,306,269,1473,1,0.4,1.4,913.4,6.8171739007509,"King's Cross",61.138,"Camden","King's Cross"
"142","E05000142",2,16,0,3,13,0.8,0.6,1.4,6.8,1.91692261218206,"Regent's Park",134.956,"Camden","Regent's Park"
"143","E05000143",1,4,3,3,1,1,0.6,1.4,2,0.693147180559946,"St. Pancras and Somers Town",139.889,"Camden","St. Pancras and Somers Town"
"144","E05000144",24,116,11,10,104,1,0.6,1.6,53,3.97029191355212,"Swiss Cottage",125.671,"Camden","Swiss Cottage"
"145","E05000145",37,69,17,21,46,1,0.6,1.6,38,3.63758615972639,"West Hampstead",88.729,"Camden","West Hampstead"
"146","E05000146",1,9,1,2,8,1,0.8,1.6,4.2,1.43508452528932,"Addiscombe",158.808,"Croydon","Addiscombe"
"147","E05000147",5,3,0,2,4,0.6,0.6,1.2,2.4,0.8754687373539,"Ashburton",271.173,"Croydon","Ashburton"
"148","E05000148",1,1,3,3,5,1,0.8,1.6,2.4,0.8754687373539,"Bensham Manor",144.147,"Croydon","Bensham Manor"
"149","E05000149",0,3,1,2,7,0.6,0.8,1.4,2.2,0.78845736036427,"Broad Green",266.195,"Croydon","Broad Green"
"150","E05000150",2,4,0,3,2,0.8,0,0.8,2.4,0.8754687373539,"Coulsdon East",774.358,"Croydon","Coulsdon East"
"151","E05000151",2,3,1,4,2,0.8,0.2,1,1.8,0.587786664902119,"Coulsdon West",499.147,"Croydon","Coulsdon West"
"152","E05000152",1,3,0,2,2,0.6,0.6,1.2,1.4,0.336472236621213,"Croham",352.705,"Croydon","Croham"
"153","E05000153",1,2,1,3,0,0.6,0.6,1.2,1.4,0.336472236621213,"Fairfield",377.221,"Croydon","Fairfield"
"154","E05000154",2,3,0,2,3,0.8,0.8,1.4,2,0.693147180559945,"Fieldway",148.649,"Croydon","Fieldway"
"155","E05000155",0,4,0,6,2,0.6,0,0.8,2.6,0.955511445027437,"Heathfield",871.342,"Croydon","Heathfield"
"156","E05000156",2,7,0,3,2,0.8,0,0.8,2.8,1.02961941718116,"Kenley",645.609,"Croydon","Kenley"
"157","E05000157",1,9,1,3,2,0.8,0.6,1.4,3,1.09861228866811,"New Addington",241.71,"Croydon","New Addington"
"158","E05000158",6,17.5,2.5,5.5,14,1,0.4,1.4,8.9,2.07944154167984,"Norbury",251.818,"Croydon","Norbury"
"159","E05000159",2,6,0,2,2,0.8,0.2,1,2.4,0.8754687373539,"Purley",417.518,"Croydon","Purley"
"160","E05000160",1,6,1.5,2,2,0.8,0.2,1,2.4,0.8754687373539,"Sanderstead",634.697,"Croydon","Sanderstead"
"161","E05000161",1,3,0,3,4,0.8,0.8,1.6,1.8,0.587786664902119,"Selhurst",227.303,"Croydon","Selhurst"
"162","E05000162",5,8,1,4,2,0.8,0,1,3.6,1.28093384546206,"Selsdon and Ballards",639.834,"Croydon","Selsdon and Ballards"
"163","E05000163",2,5,3,3,4,1,0.6,1.4,3.4,1.22377543162212,"Shirley",280.541,"Croydon","Shirley"
"164","E05000164",1,2,1,2,0,0.8,0.8,1.4,1.4,0.336472236621213,"South Norwood",237.817,"Croydon","South Norwood"
"165","E05000165",1,3,0,3,3,0.8,0.8,1.6,1.8,0.587786664902119,"Thornton Heath",168.107,"Croydon","Thornton Heath"
"166","E05000166",0,2,1,4,3,0.6,0.6,1.4,1.8,0.587786664902119,"Upper Norwood",262.328,"Croydon","Upper Norwood"
"167","E05000167",1,4,2,3,5,0.8,0.8,1.6,2.2,0.784307958956923,"Waddon",364.759,"Croydon","Waddon"
"168","E05000168",2,7,4,4,12,1,0.8,1.6,4.8,1.56861591791385,"West Thornton",197.117,"Croydon","West Thornton"
"169","E05000169",0,2,2,2,2,0.8,0.6,1.4,1.2,0.182321556793955,"Woodside",216.651,"Croydon","Woodside"
"170","E05000170",6,12,2,14,20,1,0.6,1.6,10.8,2.37954613413017,"Acton Central",177.463,"Ealing","Acton Central"
"171","E05000171",1,3,1,2,0,0.8,0.6,1.4,1.4,0.336472236621213,"Cleveland",222.856,"Ealing","Cleveland"
"172","E05000172",2,5,1,3,4,0.8,0.6,1.4,3.8,1.33500106673234,"Dormers Wells",225.73,"Ealing","Dormers Wells"
"173","E05000173",2,3,3,3,0,0.8,0.6,1.4,1.4,0.336472236621213,"Ealing Broadway",185.676,"Ealing","Ealing Broadway"
"174","E05000174",0,3,0,2,2,0.4,0.6,1.2,1.4,0.336472236621213,"Ealing Common",214.106,"Ealing","Ealing Common"
"175","E05000175",0,2,0,2,1,0.6,0.8,1.4,1.2,0.182321556793955,"East Acton",427.588,"Ealing","East Acton"
"176","E05000176",3,4,1,4,13,1,0.8,1.6,5,1.6094379124341,"Elthorne",199.963,"Ealing","Elthorne"
"177","E05000177",4,6,1,4,6,0.8,0.8,1.6,3.3,1.18977306706509,"Greenford Broadway",251.669,"Ealing","Greenford Broadway"
"178","E05000178",1,6,1,3,14,1,0.6,1.4,5.6,1.7227665977411,"Greenford Green",338.477,"Ealing","Greenford Green"
"179","E05000179",1,5,1,3,5,0.8,0.6,1.4,2.6,0.955511445027436,"Hanger Hill",327.724,"Ealing","Hanger Hill"
"180","E05000180",3,10,2,4,12,0.8,0.6,1.4,5.8,1.75785791755237,"Hobbayne",220.937,"Ealing","Hobbayne"
"181","E05000181",3,4,0.5,2,9,0.8,0.8,1.6,3.6,1.28093384546206,"Lady Margaret",154.182,"Ealing","Lady Margaret"
"182","E05000182",0,4,3,2,2,0.6,0.6,1.2,1.2,0.182321556793955,"Northfield",154.011,"Ealing","Northfield"
"183","E05000183",2,4,1,2,5,0.8,0.6,1.4,2.4,0.8754687373539,"North Greenford",325.737,"Ealing","North Greenford"
"184","E05000184",1,2,0,2,2,0.8,0.6,1.4,1.6,0.470003629245735,"Northolt Mandeville",275.664,"Ealing","Northolt Mandeville"
"185","E05000185",2,5,0.5,2,8,0.8,0.4,1.2,3.8,1.33500106673234,"Northolt West End",354.536,"Ealing","Northolt West End"
"186","E05000186",2,1,1,2,5,0.8,0.6,1.4,1.8,0.587786664902119,"Norwood Green",379.609,"Ealing","Norwood Green"
"187","E05000187",3,4,0,3,9,0.8,0.6,1.4,3.8,1.33500106673234,"Perivale",336.775,"Ealing","Perivale"
"188","E05000188",0,5,0,4,4.5,0.6,0.8,1.4,2.8,1.02961941718116,"South Acton",171.92,"Ealing","South Acton"
"189","E05000189",2,5,2,4,9,0.7,0.6,1.2,1.8,0.587786664902119,"Southall Broadway",161.725,"Ealing","Southall Broadway"
"190","E05000190",4,2,1,3,6,1,0.6,1.6,2.2,0.78845736036427,"Southall Green",158.616,"Ealing","Southall Green"
"191","E05000191",2,3,1,2,2,0.8,0.8,1.6,2.6,0.955511445027436,"Southfield",142.869,"Ealing","Southfield"
"192","E05000192",27,104,16,27,84,1,0.6,1.6,51.6,3.94352167248752,"Walpole",146.596,"Ealing","Walpole"
"193","E05000193",0,2,2,1,2,0.8,0.8,1.4,1,0,"Bowes",148.337,"Enfield","Bowes"
"194","E05000194",2,3,1,3,3,1,0.8,1.4,2.8,1.02961941718116,"Bush Hill Park",252.449,"Enfield","Bush Hill Park"
"195","E05000195",2,2,1,1,0,0.8,0,0.8,1.4,0.336472236621213,"Chase",1693.541,"Enfield","Chase"
"196","E05000196",2,2,1,2,1,0.8,0,1,1.6,0.470003629245736,"Cockfosters",1041.279,"Enfield","Cockfosters"
"197","E05000197",1,3,2,1,7,0.8,0.6,1.6,2.4,0.8754687373539,"Edmonton Green",312.642,"Enfield","Edmonton Green"
"198","E05000198",0,3,0,2,1,0.6,0.6,1,1.2,0.182321556793955,"Enfield Highway",463.653,"Enfield","Enfield Highway"
"199","E05000199",1,4,1,4,3,0.8,0.6,1.4,2.4,0.8754687373539,"Enfield Lock",325.231,"Enfield","Enfield Lock"
"200","E05000200",8,3,1,5,3,0.8,0.6,1.4,3.2,1.16315080980568,"Grange",328.516,"Enfield","Grange"
"201","E05000201",0,4,0,2,3,0.6,0.8,1.4,1.6,0.470003629245736,"Haselbury",179.602,"Enfield","Haselbury"
"202","E05000202",2,2,1,1,3,0.8,0.4,1.2,1.8,0.587786664902119,"Highlands",508.803,"Enfield","Highlands"
"203","E05000203",1,3,1,2,3,0.8,0.4,1.4,1.6,0.470003629245736,"Jubilee",392.833,"Enfield","Jubilee"
"204","E05000204",1,3,0,4,3,0.8,0.8,1.4,2.2,0.78845736036427,"Lower Edmonton",218.248,"Enfield","Lower Edmonton"
"205","E05000205",2,2,1,0,5,0.6,0.8,1.4,1,0,"Palmers Green",194.212,"Enfield","Palmers Green"
"206","E05000206",1,1,2,1,0,0.8,0.6,1.2,1,0,"Ponders End",354.296,"Enfield","Ponders End"
"207","E05000207",1,3,0,2,4,0.6,0.6,1.2,2.6,0.955511445027436,"Southbury",286.704,"Enfield","Southbury"
"208","E05000208",1,7,1,4,5,0.8,0.6,1.4,3,1.09861228866811,"Southgate",268.727,"Enfield","Southgate"
"209","E05000209",1,4,2,1,3,1,0.6,1.4,1.8,0.587786664902119,"Southgate Green",261.351,"Enfield","Southgate Green"
"210","E05000210",2,4,1,3,3,1,0.8,1.8,2.6,0.955511445027436,"Town",223.14,"Enfield","Town"
"211","E05000211",4,17,4,7,12,1,0.6,1.2,9.2,2.21920348405499,"Turkey Street",226.15,"Enfield","Turkey Street"
"212","E05000212",2,3,1,3,5,0.8,0.6,1.4,2.4,0.8754687373539,"Upper Edmonton",264.24,"Enfield","Upper Edmonton"
"213","E05000213",2,14,3,5,13,1,0.6,1.4,8,2.07944154167984,"Winchmore Hill",276.07,"Enfield","Winchmore Hill"
"214","E05000214",2,1,0,2,1,0.6,0.8,1.4,1.4,0.336472236621213,"Abbey Wood",265.721,"Greenwich","Abbey Wood"
"215","E05000215",2,9.5,1,4,6.5,0.8,0.8,1.6,5.1,1.61973122923829,"Blackheath Westcombe",213.815,"Greenwich","Blackheath Westcombe"
"216","E05000216",2,7,1,4,3,1,0.6,1.6,3,1.09861228866811,"Charlton",203.12,"Greenwich","Charlton"
"217","E05000217",2,8,2,8,6,0.8,0.6,1.4,5.6,1.7227665977411,"Coldharbour and New Eltham",254.935,"Greenwich","Coldharbour and New Eltham"
"218","E05000218",0,2,1,4,1,0.6,0.6,1.2,1.6,0.470003629245736,"Eltham North",255.512,"Greenwich","Eltham North"
"219","E05000219",1,7,3,3,5,1,0.4,1.2,3.6,1.28093384546206,"Eltham South",462.641,"Greenwich","Eltham South"
"220","E05000220",1,4,0,4,3,0.8,0.6,1.6,2.6,0.955511445027436,"Eltham West",242.564,"Greenwich","Eltham West"
"221","E05000221",1,4,1,2,3,1,0.8,1.6,2.8,1.02961941718116,"Glyndon",170.196,"Greenwich","Glyndon"
"222","E05000222",28,207,28,40,118,1,0.2,1.2,84.2,4.43319492124828,"Greenwich West",279.234,"Greenwich","Greenwich West"
"223","E05000223",1,4,2,4,4,0.8,0.6,1.4,2.2,0.78845736036427,"Kidbrooke with Hornfair",237.454,"Greenwich","Kidbrooke with Hornfair"
"224","E05000224",0,4,1,2,1,0.6,0.6,1.2,1.2,0.182321556793955,"Middle Park and Sutcliffe",329.143,"Greenwich","Middle Park and Sutcliffe"
"225","E05000225",1,4,2,2,2,0.8,0.8,1.4,2.2,0.78845736036427,"Peninsula",449.194,"Greenwich","Peninsula"
"226","E05000226",3,3,1,5,3,1,0.8,1.6,2.4,0.8754687373539,"Plumstead",234.189,"Greenwich","Plumstead"
"227","E05000227",2,5,1,4,4,1,0.6,1.2,3.8,1.33500106673234,"Shooters Hill",377.072,"Greenwich","Shooters Hill"
"228","E05000228",1,3,1,2,3,0.8,0.6,1.4,2,0.693147180559945,"Thamesmead Moorings",481.256,"Greenwich","Thamesmead Moorings"
"229","E05000229",0,7,0,2,3,0.4,0.6,1.2,1.6,0.470003629245736,"Woolwich Common",262.035,"Greenwich","Woolwich Common"
"230","E05000230",0,2,1,2,3,0.6,0.8,1.4,1.4,0.336472236621213,"Woolwich Riverside",326.109,"Greenwich","Woolwich Riverside"
"231","E05000231",2,4,1,3,3,1,0.8,1.8,2.6,0.955511445027436,"Brownswood",83.855,"Hackney","Brownswood"
"232","E05000232",0,3,2,2,0,0.6,0.8,1.6,1.2,0.182321556793955,"Cazenove",68.462,"Hackney","Cazenove"
"233","E05000233",1,6,4,9,1,1,0.6,1.4,4.2,1.43508452528932,"Chatham",90.75,"Hackney","Chatham"
"234","E05000234",2,8,2,5,3,0.8,0.8,1.8,3.6,1.28093384546206,"Clissold",70.044,"Hackney","Clissold"
"235","E05000235",0,5,1,1,0,0.4,0.6,1.2,1.2,0.182321556793955,"Dalston",92.658,"Hackney","Dalston"
"236","E05000236",0,3,0,1,2,0.6,0.8,1.4,1,0,"De Beauvoir",88.783,"Hackney","De Beauvoir"
"237","E05000237",0,7,2,3,3,0.8,0.8,1.6,4.2,1.43508452528932,"Hackney Central",78.031,"Hackney","Hackney Central"
"238","E05000238",3,14,2,5,7,1,0.8,1.4,7,1.94591014905531,"Hackney Downs",101.805,"Hackney","Hackney Downs"
"239","E05000239",0,2,2,3,5,0.8,0.5,1.2,4,1.38629436111989,"Haggerston",124.25,"Hackney","Haggerston"
"240","E05000240",3,2,2,4,9,1,0.8,1.8,4,1.38629436111989,"Hoxton",83.96,"Hackney","Hoxton"
"241","E05000241",1,5,1,4,2,0.8,0.6,1.4,2,0.693147180559945,"King's Park",181.956,"Hackney","King's Park"
"242","E05000242",3,13,1,7,6,1,0.6,1.6,5.4,1.68639895357023,"Leabridge",106.363,"Hackney","Leabridge"
"243","E05000243",0,2,1,1,2,0.6,0.8,1.4,1,0,"Lordship",118.804,"Hackney","Lordship"
"244","E05000244",2,15,3,3,14,1,0.8,1.8,8.2,2.10413415427021,"New River",97.798,"Hackney","New River"
"245","E05000245",0,6,0,3,1,0.8,0.6,1.4,3.8,1.33500106673234,"Queensbridge",107.974,"Hackney","Queensbridge"
"246","E05000246",3,25,3,10,22,1,0.8,1.7,12.6,2.53369681395743,"Springfield",95.256,"Hackney","Springfield"
"247","E05000247",0,7,0,1,0,0.4,0.6,1.2,1.6,0.470003629245735,"Stoke Newington Central",71.192,"Hackney","Stoke Newington Central"
"248","E05000248",2,6,4,2,3,1,0.8,1.8,3.8,1.33500106673234,"Victoria",80.221,"Hackney","Victoria"
"249","E05000249",1,2,1,2,5,0.6,0.8,1.4,2.8,1.02961941718116,"Wick",162.744,"Hackney","Wick"
"250","E05000250",1,3,0,0,6,0.6,0.8,1.6,1.8,0.587786664902119,"Addison",55.481,"Hammersmith and Fulham","Addison"
"251","E05000251",1,1,3,1,0,0.6,0.6,1.2,1,0,"Askew",76.25,"Hammersmith and Fulham","Askew"
"252","E05000252",1,5,3,0,0,0.6,0.8,1.4,1.8,0.587786664902119,"Avonmore and Brook Green",89.659,"Hammersmith and Fulham","Avonmore and Brook Green"
"253","E05000253",0,6,0,3,3,0.6,0,0.8,3.2,1.16315080980568,"College Park and Old Oak",343.654,"Hammersmith and Fulham","College Park and Old Oak"
"254","E05000254",0,2,2,0,1,0.6,0.8,1.4,1,0,"Fulham Broadway",66.797,"Hammersmith and Fulham","Fulham Broadway"
"255","E05000255",1,4,1,0,1,0.6,0.6,1.4,2.2,0.78845736036427,"Fulham Reach",88.198,"Hammersmith and Fulham","Fulham Reach"
"256","E05000256",5,9,1,2,4,0.8,0.8,1.6,3.4,1.22377543162212,"Hammersmith Broadway",110.305,"Hammersmith and Fulham","Hammersmith Broadway"
"257","E05000257",1,4,4,0,4,0.8,0.8,1.6,2.6,0.955511445027436,"Munster",62.427,"Hammersmith and Fulham","Munster"
"258","E05000258",1,5,2,0,1,0.7,0.8,1.6,1.8,0.587786664902119,"North End",63.517,"Hammersmith and Fulham","North End"
"259","E05000259",0,6,1,2,0,0.6,0.8,1.4,2.6,0.955511445027436,"Palace Riverside",148.083,"Hammersmith and Fulham","Palace Riverside"
"260","E05000260",1,10,5,2,3,0.8,0.8,1.6,3.2,1.16315080980568,"Parsons Green and Walham",89.587,"Hammersmith and Fulham","Parsons Green and Walham"
"261","E05000261",0,1,1,3,1,0.6,0.6,1.4,1.2,0.182321556793955,"Ravenscourt Park",121.533,"Hammersmith and Fulham","Ravenscourt Park"
"262","E05000262",1,4,2,2,3,0.8,0.8,1.8,2.8,1.02961941718116,"Sands End",137.806,"Hammersmith and Fulham","Sands End"
"263","E05000263",5,7,3,3,8,1,0.6,1.6,3.2,1.16315080980568,"Shepherd's Bush Green",106.82,"Hammersmith and Fulham","Shepherd's Bush Green"
"264","E05000264",8,28,7,6,35,1,0.8,1.6,16.8,2.82137888640921,"Town",65.129,"Hammersmith and Fulham","Town"
"265","E05000265",0,1.5,3,1,0,0.6,0,0.8,1.1,0.0911607783969774,"Wormholt and White City",90.164,"Hammersmith and Fulham","Wormholt and White City"
"266","E05000266",0,4,0,2,6,0.6,0.6,1.2,2.6,0.955511445027436,"Alexandra",261.385,"Haringey","Alexandra"
"267","E05000267",5,35,6,7,18,1,0.8,1.6,14.2,2.65324196460721,"Bounds Green",138.624,"Haringey","Bounds Green"
"268","E05000268",2,5,6,3,5,0.8,0.8,1.6,2.8,1.02961941718116,"Bruce Grove",93.658,"Haringey","Bruce Grove"
"269","E05000269",2,5,0,2,3,0.8,0.6,1.4,4,1.38629436111989,"Crouch End",144.04,"Haringey","Crouch End"
"270","E05000270",2,3,0,2,2,0.8,0.6,1.4,1.8,0.587786664902119,"Fortis Green",199.071,"Haringey","Fortis Green"
"271","E05000271",1,4,2,6,5,0.8,0.2,1,1.8,0.587786664902119,"Harringay",156.609,"Haringey","Harringay"
"272","E05000272",2,6.5,0,3,12,0.8,0.4,1.2,4,1.38629436111989,"Highgate",249.482,"Haringey","Highgate"
"273","E05000273",1,4,4,6,5,0.6,0.8,1.4,1.6,0.470003629245736,"Hornsey",105.39,"Haringey","Hornsey"
"274","E05000274",1,10,2,3,7,0.6,0.6,1.4,4,1.38629436111989,"Muswell Hill",165.328,"Haringey","Muswell Hill"
"275","E05000275",0,4,1,5,0,0.6,0.8,1.2,1.2,0.182321556793955,"Noel Park",122.564,"Haringey","Noel Park"
"276","E05000276",2,9,1,2,8,0.8,0.6,1.4,2.8,1.02961941718116,"Northumberland Park",188.802,"Haringey","Northumberland Park"
"277","E05000277",33,113,9,31,108,1,0.6,1.4,58.8,4.07414185490458,"St. Ann's",109.381,"Haringey","St. Ann's"
"278","E05000278",1,5,3,2,0,0.8,0.6,1.2,2.2,0.78845736036427,"Seven Sisters",129.463,"Haringey","Seven Sisters"
"279","E05000279",2,8,3,4,3,1,0.8,1.8,4,1.38629436111989,"Stroud Green",109.374,"Haringey","Stroud Green"
"280","E05000280",53,333,64,120,347,1,0.4,1.4,183.4,5.21166955982236,"Tottenham Green",135.966,"Haringey","Tottenham Green"
"281","E05000281",2,5,1,2,7,0.8,0.6,1.2,2.8,1.02961941718116,"Tottenham Hale",191.189,"Haringey","Tottenham Hale"
"282","E05000282",1,7,2,2,5,1,0.8,1.4,3.2,1.16315080980568,"West Green",139.911,"Haringey","West Green"
"283","E05000283",2,14,2,3,8,1,0.8,1.6,4.8,1.56861591791385,"White Hart Lane",169.885,"Haringey","White Hart Lane"
"284","E05000284",1.5,14,1,4.5,4,1,0.8,1.4,3,1.09861228866811,"Woodside",149.715,"Haringey","Woodside"
"285","E05000285",9,21,2,4,13,1,0.6,1.4,9.8,2.28238238567653,"Belmont",177.704,"Harrow","Belmont"
"286","E05000286",0,1,1,2,4,0.8,0.2,1,1.6,0.470003629245736,"Canons",562.632,"Harrow","Canons"
"287","E05000287",3,18,4,2,13,1,0.6,1.6,8,2.07944154167984,"Edgware",140.319,"Harrow","Edgware"
"288","E05000288",2,1,1,2,2,0.8,0.6,1.6,1.6,0.470003629245735,"Greenhill",174.49,"Harrow","Greenhill"
"289","E05000289",1,16,1,4,9,1,0.4,1.4,8.2,2.10413415427021,"Harrow on the Hill",357.209,"Harrow","Harrow on the Hill"
"290","E05000290",1,4,1,3,3,0.8,0,1,2.8,1.02961941718116,"Harrow Weald",458.973,"Harrow","Harrow Weald"
"291","E05000291",6,26,3,2,13,1,0.4,1.4,10,2.30258509299405,"Hatch End",327.866,"Harrow","Hatch End"
"292","E05000292",3,1,1,2,1,0.8,0.4,1.2,1.6,0.470003629245736,"Headstone North",329.634,"Harrow","Headstone North"
"293","E05000293",3,5,4,4,6,1,0.6,1.5,3.4,1.22377543162212,"Headstone South",146.764,"Harrow","Headstone South"
"294","E05000294",1,1,0,2,4,0.6,0.4,1.2,1.4,0.336472236621213,"Kenton East",127.926,"Harrow","Kenton East"
"295","E05000295",2,2.5,2,3,6,0.9,0.6,1.4,3.2,1.16315080980568,"Kenton West",176.456,"Harrow","Kenton West"
"296","E05000296",3,3,3,3,6,1,0.6,1.6,3.2,1.16315080980568,"Marlborough",164.663,"Harrow","Marlborough"
"297","E05000297",1,5,1,2,6,0.8,0.4,1.2,2.8,1.02961941718116,"Pinner",327.686,"Harrow","Pinner"
"298","E05000298",1,4,2,3,1,1,0.6,1.4,1.6,0.470003629245735,"Pinner South",234.561,"Harrow","Pinner South"
"299","E05000299",2,2,0,2,6,0.8,0.6,1.4,3.6,1.28093384546206,"Queensbury",161.364,"Harrow","Queensbury"
"300","E05000300",14,55,7,15,54,1,0.6,1.4,29,3.36729582998647,"Rayners Lane",152.974,"Harrow","Rayners Lane"
"301","E05000301",3,5,2,3,8,1,0.8,1.6,4.2,1.43508452528932,"Roxbourne",150.576,"Harrow","Roxbourne"
"302","E05000302",3,12,2,3,14,1,0.8,1.6,6,1.79175946922805,"Roxeth",157.492,"Harrow","Roxeth"
"303","E05000303",1,2,1,2,4,0.8,0.4,1.2,1.6,0.470003629245736,"Stanmore Park",445.929,"Harrow","Stanmore Park"
"304","E05000304",2,4,5,2,4,1,0.8,1.6,3.2,1.16315080980568,"Wealdstone",119.595,"Harrow","Wealdstone"
"305","E05000305",3,7,1,4,2,1,0.4,1.2,3,1.09861228866811,"West Harrow",151.462,"Harrow","West Harrow"
"306","E05000306",1,4,0,2,5,0.8,0.4,1.2,2.4,0.8754687373539,"Brooklands",420.264,"Havering","Brooklands"
"307","E05000307",4,7,0,6,6,0.8,0,1,4.6,1.52605630349505,"Cranham",655.501,"Havering","Cranham"
"308","E05000308",1,2.5,0,2,3,0.6,0.4,1,1.4,0.336472236621213,"Elm Park",366.535,"Havering","Elm Park"
"309","E05000309",1,2,0,2,3,0.8,0,1,1.4,0.336472236621213,"Emerson Park",464.243,"Havering","Emerson Park"
"310","E05000310",0,3,1,2,2,0.8,0,1,2.4,0.8754687373539,"Gooshays",775.896,"Havering","Gooshays"
"311","E05000311",1,5,0,2,2,0.8,0.6,1.4,1.4,0.336472236621213,"Hacton",246.542,"Havering","Hacton"
"312","E05000312",3,2,2,6,4,0.8,0,0.8,3.2,1.16315080980568,"Harold Wood",758.973,"Havering","Harold Wood"
"313","E05000313",1,2,0,6,3,0.8,0,0.8,2.4,0.8754687373539,"Havering Park",978.33,"Havering","Havering Park"
"314","E05000314",2,0,0,2,0,0.4,0.6,1,1.2,0.182321556793955,"Heaton",341.564,"Havering","Heaton"
"315","E05000315",5,8,2,4,12,0.8,0.6,1.4,5.8,1.75785791755237,"Hylands",289.774,"Havering","Hylands"
"316","E05000316",0,3,0,2,3,0.6,0.8,1.4,1.6,0.470003629245736,"Mawneys",304.261,"Havering","Mawneys"
"317","E05000317",2,2,0,4,2,0.8,0.5,1.2,2,0.693147180559945,"Pettits",395.457,"Havering","Pettits"
"318","E05000318",1,2,1,2,5,0.8,0,1,1.4,0.336472236621213,"Rainham and Wennington",1688.01,"Havering","Rainham and Wennington"
"319","E05000319",3,4,1,2,3,1,0.6,1.6,2.4,0.8754687373539,"Romford Town",286.473,"Havering","Romford Town"
"320","E05000320",3,3,1,2,3,0.8,0.6,1.6,1.6,0.470003629245736,"St. Andrew's",267.712,"Havering","St. Andrew's"
"321","E05000321",0,4,0,4,2,0.6,0.4,1,2,0.693147180559945,"South Hornchurch",687.318,"Havering","South Hornchurch"
"322","E05000322",1,5,1,2,4,0.8,0.6,1.4,2.2,0.78845736036427,"Squirrel's Heath",265.147,"Havering","Squirrel's Heath"
"323","E05000323",3,5,1,2,5,0.8,0,1,1.8,0.587786664902119,"Upminster",2253.736,"Havering","Upminster"
"324","E05000324",1,3,1,3,2,0.8,0.6,1.4,1.4,0.336472236621213,"Barnhill",211.821,"Hillingdon","Barnhill"
"325","E05000325",1,2,1,1,4,0.6,0.6,1.4,1.8,0.587786664902119,"Botwell",436.277,"Hillingdon","Botwell"
"326","E05000326",1,4,1,3,3,0.8,0.6,1.4,2.2,0.78845736036427,"Brunel",327.691,"Hillingdon","Brunel"
"327","E05000327",2,4,0,2,5,0.6,0.6,1.4,2.8,1.02961941718116,"Cavendish",201.145,"Hillingdon","Cavendish"
"328","E05000328",2,15,2,4,10,1,0.6,1.4,7,1.94591014905531,"Charville",297.433,"Hillingdon","Charville"
"329","E05000329",3,8,2,6,3,1,0.4,1,4.4,1.48160454092422,"Eastcote and East Ruislip",406.341,"Hillingdon","Eastcote and East Ruislip"
"330","E05000330",8,13,5,10,14,1,0,1,10,2.30258509299405,"Harefield",1522.704,"Hillingdon","Harefield"
"331","E05000331",0,4,0,1,2.5,0.6,0,0.6,2.2,0.78845736036427,"Heathrow Villages",2352.117,"Hillingdon","Heathrow Villages"
"332","E05000332",1,3,1,2,7,0.6,0.6,1.2,2.2,0.78845736036427,"Hillingdon East",359.812,"Hillingdon","Hillingdon East"
"333","E05000333",7,20,3,11,16,1,0,1,11.4,2.43361335540045,"Ickenham",620.442,"Hillingdon","Ickenham"
"334","E05000334",3,19,3,4,13,1,0.6,1.6,8.4,2.12823170584927,"Manor",197.418,"Hillingdon","Manor"
"335","E05000335",0,2,1,3,0,0.6,0,1,1.3,0.259396896707584,"Northwood",739.794,"Hillingdon","Northwood"
"336","E05000336",3,8,2,6,3,1,0.2,1.2,4.4,1.48160454092422,"Northwood Hills",332.91,"Hillingdon","Northwood Hills"
"337","E05000337",0,3,0,2,2,0.6,0.6,1.4,1.4,0.336472236621213,"Pinkwell",274.833,"Hillingdon","Pinkwell"
"338","E05000338",0,3,1,2,2,0.8,0.1,1,1.2,0.182321556793955,"South Ruislip",741.795,"Hillingdon","South Ruislip"
"339","E05000339",1,5,1,2,11,0.8,0.6,1.4,3.8,1.33500106673234,"Townfield",349.833,"Hillingdon","Townfield"
"340","E05000340",4,5,1,4,5,1,0.4,1.2,3.4,1.22377543162212,"Uxbridge North",464.118,"Hillingdon","Uxbridge North"
"341","E05000341",0,3,1,2,2,0.6,0.8,1.4,1.2,0.182321556793955,"Uxbridge South",311.447,"Hillingdon","Uxbridge South"
"342","E05000342",2,3,0,3,3,0.8,0.6,1.4,2.4,0.8754687373539,"West Drayton",349.07,"Hillingdon","West Drayton"
"343","E05000343",0,3,0,2,1,0.6,0.4,1,1.2,0.182321556793955,"West Ruislip",438.74,"Hillingdon","West Ruislip"
"344","E05000344",0,2,0,2,1,0.6,0.6,1.2,1,0,"Yeading",232.126,"Hillingdon","Yeading"
"345","E05000345",1,2,0,2,3,0.6,0.6,1.4,1.8,0.587786664902119,"Yiewsley",402.251,"Hillingdon","Yiewsley"
"346","E05000346",0,1,1,2,1,0.8,0.4,1,1,0,"Bedfont",444.841,"Hounslow","Bedfont"
"347","E05000347",0,3,0,2,0,0.6,0.6,1.2,1.2,0.182321556793955,"Brentford",318.351,"Hounslow","Brentford"
"348","E05000348",0,6,1,2,1,0.8,0.4,1.4,2.4,0.8754687373539,"Chiswick Homefields",225.923,"Hounslow","Chiswick Homefields"
"349","E05000349",0,4,1,2,1,0.6,0.8,1.4,2,0.693147180559945,"Chiswick Riverside",208.007,"Hounslow","Chiswick Riverside"
"350","E05000350",0.5,5,1,3,5,0.8,0.6,1.4,2.2,0.78845736036427,"Cranford",272.63,"Hounslow","Cranford"
"351","E05000351",1,3,0,4,3,0.8,0.4,1.2,2.2,0.78845736036427,"Feltham North",338.448,"Hounslow","Feltham North"
"352","E05000352",0,1,1,1,2,0.8,0.4,1.2,1,0,"Feltham West",318.105,"Hounslow","Feltham West"
"353","E05000353",1,5,0,4,5,0.8,0.6,1.4,3.2,1.16315080980568,"Hanworth",323.258,"Hounslow","Hanworth"
"354","E05000354",1,5,0,2,2,0.8,0.6,1.4,1.8,0.587786664902119,"Hanworth Park",366.126,"Hounslow","Hanworth Park"
"355","E05000355",5,5,1,5,4,1,0.8,1.6,5.2,1.64865862558738,"Heston Central",168.478,"Hounslow","Heston Central"
"356","E05000356",0,2,0,1,3,0.8,0.8,1.6,1.4,0.336472236621213,"Heston East",205.913,"Hounslow","Heston East"
"357","E05000357",0,2,0,2,2,0.6,0.6,1.2,1.2,0.182321556793955,"Heston West",382.657,"Hounslow","Heston West"
"358","E05000358",2,3,0,2,4,0.8,0.6,1.4,2,0.693147180559945,"Hounslow Central",173.393,"Hounslow","Hounslow Central"
"359","E05000359",1,2,0,4,4,0.6,0.4,1.2,1.8,0.587786664902119,"Hounslow Heath",278.178,"Hounslow","Hounslow Heath"
"360","E05000360",2,2,0,2,8,0.8,0.6,1.4,2.8,1.02961941718116,"Hounslow South",179.011,"Hounslow","Hounslow South"
"361","E05000361",0,2,1,3,1,0.8,0.8,1.6,1.2,0.182321556793955,"Hounslow West",162.018,"Hounslow","Hounslow West"
"362","E05000362",1,3,0,2,4,0.8,0.8,1.6,1.6,0.470003629245736,"Isleworth",203.089,"Hounslow","Isleworth"
"363","E05000363",2,4,0,0,2,0.6,0.4,1,1.8,0.587786664902119,"Osterley and Spring Grove",627.784,"Hounslow","Osterley and Spring Grove"
"364","E05000364",0,4,1,3,3,0.6,0.8,1.4,1.8,0.587786664902119,"Syon",285.378,"Hounslow","Syon"
"365","E05000365",2,4,1,3,3,0.8,0.8,1.6,2.4,0.8754687373539,"Turnham Green",176.953,"Hounslow","Turnham Green"
"366","E05000366",1,4,0,2,0,0.6,0.8,1.4,1.2,0.182321556793955,"Barnsbury",83.012,"Islington","Barnsbury"
"367","E05000367",0,4,0,2,0,0.4,0,0.4,1.2,0.182321556793955,"Bunhill",108.263,"Islington","Bunhill"
"368","E05000368",1,9,1,4,4,0.8,0.8,1.6,3.2,1.16315080980568,"Caledonian",113.611,"Islington","Caledonian"
"369","E05000369",6,16,10,8,10,1,0.8,1.8,10,2.30258509299405,"Canonbury",80.72,"Islington","Canonbury"
"370","E05000370",0,4,0,2,0,0.4,0,0.4,1.2,0.182321556793955,"Clerkenwell",93.263,"Islington","Clerkenwell"
"371","E05000371",12,39,6,13,22,1,0.6,1.6,18.4,2.91235066461494,"Finsbury Park",91.626,"Islington","Finsbury Park"
"372","E05000372",5,8,3,4,4,1,0.6,1.6,4.8,1.56861591791385,"Highbury East",100.809,"Islington","Highbury East"
"373","E05000373",2,7,1,1,7,0.8,0.6,1.4,3.2,1.16315080980568,"Highbury West",108.254,"Islington","Highbury West"
"374","E05000374",2,3,2,2,3,0.8,0.8,1.6,1.8,0.587786664902119,"Hillrise",82.471,"Islington","Hillrise"
"375","E05000375",1.5,4,1,1,3,0.8,0.8,1.6,2.6,0.955511445027436,"Holloway",100.874,"Islington","Holloway"
"376","E05000376",2,4,0,2,3,0.8,0.6,1.4,2,0.693147180559945,"Junction",102.75,"Islington","Junction"
"377","E05000377",0,4,1,3,5,0.8,0.8,1.6,2.6,0.955511445027436,"Mildmay",82.68,"Islington","Mildmay"
"378","E05000378",1,4,0,1,2,0.6,0.8,1.4,1.4,0.336472236621213,"St. George's",84.582,"Islington","St. George's"
"379","E05000379",289,1513,223,294,981,1,0.6,1.6,660,6.49223983502047,"St. Mary's",86.831,"Islington","St. Mary's"
"380","E05000380",0,4,0,2,0,0.4,0.2,0.8,1.2,0.182321556793955,"St. Peter's",81.053,"Islington","St. Peter's"
"381","E05000381",3,7,2,5,14,0.8,0.8,1.6,5.8,1.75785791755237,"Tollington",84.866,"Islington","Tollington"
"382","E05000382",5,4,6,3,5,1,0.6,1.6,4.6,1.52605630349505,"Abingdon",63.06,"Kensington and Chelsea","Abingdon"
"383","E05000383",1,3,1,3,0,0.8,0.6,1.4,1.6,0.470003629245736,"Brompton",95.504,"Kensington and Chelsea","Brompton"
"384","E05000384",0,9,5,1,10,0.8,0.8,1.6,5,1.6094379124341,"Campden",91.37,"Kensington and Chelsea","Campden"
"385","E05000385",116,405,39,77,545,1,0.8,1.8,236.4,5.46552528553194,"Colville",39.212,"Kensington and Chelsea","Colville"
"386","E05000386",62,239,41,47,273,1,0.8,1.8,132.4,4.88582764350291,"Courtfield",47.76,"Kensington and Chelsea","Courtfield"
"387","E05000387",220,807,99,123,758,1,0.4,1.4,401.4,5.99495843636224,"Cremorne",61.028,"Kensington and Chelsea","Cremorne"
"388","E05000388",5,12,0,5,10,0.8,0.8,1.6,6.4,1.85629799036563,"Earl's Court",45.828,"Kensington and Chelsea","Earl's Court"
"389","E05000389",116,405,39,77,545,1,0.4,1.4,236.4,5.46552528553194,"Golborne",94.413,"Kensington and Chelsea","Golborne"
"390","E05000390",1,3,1,3,0,0.8,0.8,1.6,1.6,0.470003629245736,"Hans Town",55.234,"Kensington and Chelsea","Hans Town"
"391","E05000391",0,11,0,1,0,0.6,0.8,1.4,2.4,0.8754687373539,"Holland",103.896,"Kensington and Chelsea","Holland"
"392","E05000392",1,3.5,0,2,2,0.8,0.8,1.6,1.6,0.470003629245736,"Norland",72.393,"Kensington and Chelsea","Norland"
"393","E05000393",2,9,2,2,4,1,0.8,1.8,3.6,1.28093384546206,"Notting Barns",62.332,"Kensington and Chelsea","Notting Barns"
"394","E05000394",1,8,0,4,2,0.8,0.8,1.6,3,1.09861228866811,"Pembridge",48.904,"Kensington and Chelsea","Pembridge"
"395","E05000395",220,807,99,123,758,1,0.8,1.8,401.4,5.99495843636224,"Queen's Gate",60.645,"Kensington and Chelsea","Queen's Gate"
"396","E05000396",116,405,39,77,545,1,0.8,1.8,236.4,5.46552528553194,"Redcliffe",69.64,"Kensington and Chelsea","Redcliffe"
"397","E05000397",220,807,99,123,758,1,0.8,1.8,401.4,5.99495843636224,"Royal Hospital",90.143,"Kensington and Chelsea","Royal Hospital"
"398","E05000398",2,18,4,4,4,1,0.8,1.8,6.4,1.85629799036563,"St. Charles",70.783,"Kensington and Chelsea","St. Charles"
"399","E05000399",220,807,99,123,758,1,0.6,1.6,401.4,5.99495843636224,"Stanley",66.235,"Kensington and Chelsea","Stanley"
"400","E05000400",13,38,4,14,48,1,0.4,1.2,23.4,3.15273602236366,"Alexandra",268.506,"Kingston upon Thames","Alexandra"
"401","E05000401",1,5,2,3,4,0.8,0.8,1.4,2.4,0.8754687373539,"Berrylands",145.39,"Kingston upon Thames","Berrylands"
"402","E05000402",6,13,5,6,19,1,0.6,1.6,9.2,2.21920348405499,"Beverley",187.821,"Kingston upon Thames","Beverley"
"403","E05000403",2,4,2,0,3,0.6,0.8,1.4,1.8,0.587786664902119,"Canbury",124.241,"Kingston upon Thames","Canbury"
"404","E05000404",3,9,2,5,10,1,0.6,1.6,5.8,1.75785791755237,"Chessington North and Hook",192.98,"Kingston upon Thames","Chessington North and Hook"
"405","E05000405",0,3,0,2,1,0.6,0,0.8,1.2,0.182321556793955,"Chessington South",755.173,"Kingston upon Thames","Chessington South"
"406","E05000406",2,1,0,2,1,0.6,0.2,1,1.4,0.336472236621213,"Coombe Hill",442.17,"Kingston upon Thames","Coombe Hill"
"407","E05000407",2,10,0,3,4,0.8,0.6,1.4,3.8,1.33500106673234,"Coombe Vale",164.71,"Kingston upon Thames","Coombe Vale"
"408","E05000408",1,2,1,3,4,0.8,0.8,1.6,1.8,0.587786664902119,"Grove",192.034,"Kingston upon Thames","Grove"
"409","E05000409",1,4,1,3,2,0.8,0.8,1.6,2,0.693147180559945,"Norbiton",134.711,"Kingston upon Thames","Norbiton"
"410","E05000410",2,6,1,2,4,0.8,0.6,1.4,2.8,1.02961941718116,"Old Malden",180.016,"Kingston upon Thames","Old Malden"
"411","E05000411",3,7,3,2,11,1,0.4,1.2,6.6,1.88706964903238,"St. James",216.584,"Kingston upon Thames","St. James"
"412","E05000412",0,2,0,3,4,0.6,0.8,1.6,1.8,0.587786664902119,"St. Mark's",137.578,"Kingston upon Thames","St. Mark's"
"413","E05000413",3,5,2,3,4,1,0.6,1.4,3.4,1.22377543162212,"Surbiton Hill",166.482,"Kingston upon Thames","Surbiton Hill"
"414","E05000414",1,2,1,3,9,0.8,0.6,1.4,4,1.38629436111989,"Tolworth and Hook Rise",259.464,"Kingston upon Thames","Tolworth and Hook Rise"
"415","E05000415",2,1,3,2,3,1,0.8,1.6,2.2,0.78845736036427,"Tudor",158.255,"Kingston upon Thames","Tudor"
"416","E05000416",30,305,29,61,99,1,0.6,1.6,104.8,4.65205377188694,"Bishop's",153.959,"Lambeth","Bishop's"
"417","E05000417",1,18,2,2,8,1,0.8,1.6,6.8,1.91692261218206,"Brixton Hill",113.124,"Lambeth","Brixton Hill"
"418","E05000418",2,9,1,0,3,0.8,0.8,1.6,3.8,1.33500106673234,"Clapham Common",133.854,"Lambeth","Clapham Common"
"419","E05000419",3,4,3,2,3,0.8,0.8,1.6,2.4,0.8754687373539,"Clapham Town",111.893,"Lambeth","Clapham Town"
"420","E05000420",3,18,2,5,8,1,0.8,1.8,6.8,1.91692261218206,"Coldharbour",120.806,"Lambeth","Coldharbour"
"421","E05000421",4,20,2,4,7,1,0.8,1.8,7.1,1.94794681174913,"Ferndale",85.073,"Lambeth","Ferndale"
"422","E05000422",2,9,2,4,4,1,0.8,1.6,3,1.09861228866811,"Gipsy Hill",157.067,"Lambeth","Gipsy Hill"
"423","E05000423",1,2,2,2,1,0.8,0.8,1.6,1.4,0.336472236621213,"Herne Hill",203.038,"Lambeth","Herne Hill"
"424","E05000424",2,7,3,4,8,1,0.6,1.6,4.6,1.52605630349505,"Knight's Hill",147.166,"Lambeth","Knight's Hill"
"425","E05000425",1,6,1,2,2,1,0.8,1.6,3.4,1.22377543162212,"Larkhall",106.124,"Lambeth","Larkhall"
"426","E05000426",4,25,6,11,11,1,0.8,1.6,12,2.484906649788,"Oval",127.764,"Lambeth","Oval"
"427","E05000427",4,7,3,5,6,1,0.6,1.6,5,1.6094379124341,"Prince's",116.363,"Lambeth","Prince's"
"428","E05000428",3,5,0,3,2,0.8,0.6,1.4,1.8,0.587786664902119,"St. Leonard's",144.773,"Lambeth","St. Leonard's"
"429","E05000429",0,2,1,3,1,0.6,0.8,1.4,1,0,"Stockwell",86.678,"Lambeth","Stockwell"
"430","E05000430",0,7,4,3,1,0.6,0.6,1.4,2.8,1.02961941718116,"Streatham Hill",127.063,"Lambeth","Streatham Hill"
"431","E05000431",2,4,0,3,7,0.8,0.8,1.6,3,1.09861228866811,"Streatham South",169.809,"Lambeth","Streatham South"
"432","E05000432",1,1,3,3,1,0.8,0.6,1.4,1.2,0.182321556793955,"Streatham Wells",144.978,"Lambeth","Streatham Wells"
"433","E05000433",1,3,3,2,2,0.8,0.8,1.6,2.2,0.78845736036427,"Thornton",107.759,"Lambeth","Thornton"
"434","E05000434",1,3,1,2,3,0.8,0.8,1.6,2,0.693147180559945,"Thurlow Park",151.482,"Lambeth","Thurlow Park"
"435","E05000435",0,2,1,2,2,0.8,0.8,1.6,1.6,0.470003629245735,"Tulse Hill",103.195,"Lambeth","Tulse Hill"
"436","E05000436",2,4.5,1,2,1,1,0.8,1.8,2.3,0.831963048859085,"Vassall",112.973,"Lambeth","Vassall"
"437","E05000437",0,4,1,3,2,0.8,0.6,1.4,2,0.693147180559945,"Bellingham",308.471,"Lewisham","Bellingham"
"438","E05000438",2,2,2,6,2,1,0.6,1.4,2.8,1.02961941718116,"Blackheath",231.823,"Lewisham","Blackheath"
"439","E05000439",4.5,25,3.5,6.5,10,1,0.8,1.6,10,2.29937480909258,"Brockley",168.183,"Lewisham","Brockley"
"440","E05000440",1,2,1,2,1,0.8,0.6,1.4,1.2,0.182321556793955,"Catford South",186.655,"Lewisham","Catford South"
"441","E05000441",1,3,2,2,1,0.8,0.8,1.6,1.4,0.336472236621213,"Crofton Park",171.962,"Lewisham","Crofton Park"
"442","E05000442",2,10,1,3,4,0.8,0.8,1.6,3.6,1.28093384546206,"Downham",238.178,"Lewisham","Downham"
"443","E05000443",3,6,1,3,4,0.8,0.8,1.6,2.8,1.02961941718116,"Evelyn",177.62,"Lewisham","Evelyn"
"444","E05000444",1,2,1,5,2,1,0.8,1.6,2.2,0.78845736036427,"Forest Hill",182.785,"Lewisham","Forest Hill"
"445","E05000445",3,10,1,4,4,1,0.8,1.6,4,1.38629436111989,"Grove Park",239.291,"Lewisham","Grove Park"
"446","E05000446",0,3,1,2,2,0.8,0.8,1.6,1.4,0.336472236621213,"Ladywell",160.598,"Lewisham","Ladywell"
"447","E05000447",2,3,0,4,3,0.8,0.8,1.6,2.4,0.8754687373539,"Lee Green",179.842,"Lewisham","Lee Green"
"448","E05000448",2,13,2,6,9,1,0.8,1.6,5.8,1.75785791755237,"Lewisham Central",206.203,"Lewisham","Lewisham Central"
"449","E05000449",0,2,2,2,2,0.6,0.6,1.4,1.6,0.470003629245736,"New Cross",181.114,"Lewisham","New Cross"
"450","E05000450",3,1,0,5,1,0.8,0.8,1.6,2,0.693147180559945,"Perry Vale",168.45,"Lewisham","Perry Vale"
"451","E05000451",4,10,2,4,9,1,0.6,1.5,5.6,1.7227665977411,"Rushey Green",178.524,"Lewisham","Rushey Green"
"452","E05000452",0,4,1,2,1,0.8,0.6,1.4,1.6,0.470003629245735,"Sydenham",174.372,"Lewisham","Sydenham"
"453","E05000453",1,10,1,4,5,0.8,0.6,1.6,3.6,1.28093384546206,"Telegraph Hill",154.631,"Lewisham","Telegraph Hill"
"454","E05000454",3,10,2,6,9,1,0.8,1.6,5,1.6094379124341,"Whitefoot",223.004,"Lewisham","Whitefoot"
"455","E05000455",2,12,2,4,3,1,0.8,1.6,5.4,1.68639895357023,"Abbey",139.326,"Merton","Abbey"
"456","E05000456",2,5,1,3,4,0.8,0.6,1.4,2.4,0.8754687373539,"Cannon Hill",222.344,"Merton","Cannon Hill"
"457","E05000457",2,3,1,2,4,1,0.6,1.4,2.4,0.8754687373539,"Colliers Wood",111.09,"Merton","Colliers Wood"
"458","E05000458",2,5,1,0,0,0.6,0.4,1,2.8,1.02961941718116,"Cricket Green",299.553,"Merton","Cricket Green"
"459","E05000459",1,3,1,2,2,0.8,0.8,1.4,1.6,0.470003629245736,"Dundonald",115.197,"Merton","Dundonald"
"460","E05000460",2,5,1,5,7,1,0.8,1.6,4.2,1.43508452528932,"Figge's Marsh",114.19,"Merton","Figge's Marsh"
"461","E05000461",3,13,1,5,18,1,0.8,1.8,8,2.07944154167984,"Graveney",88.249,"Merton","Graveney"
"462","E05000462",4,3,0,2,0,0.8,0.8,1.6,1.8,0.587786664902119,"Hillside",118.898,"Merton","Hillside"
"463","E05000463",2,5,1,3,7,0.8,0.8,1.6,4.2,1.43508452528932,"Lavender Fields",117.965,"Merton","Lavender Fields"
"464","E05000464",2,4,0,3,3,0.8,0.6,1.4,1.8,0.587786664902119,"Longthornton",148.343,"Merton","Longthornton"
"465","E05000465",0.5,3,0,1.5,5,0.8,0.7,1.4,1.2,0.182321556793955,"Lower Morden",180.378,"Merton","Lower Morden"
"466","E05000466",2,9,1,4,5,0.8,0.6,1.6,5.6,1.7227665977411,"Merton Park",181.418,"Merton","Merton Park"
"467","E05000467",0,5,0,3,2,0.4,0.6,1,1.4,0.336472236621213,"Pollards Hill",216.326,"Merton","Pollards Hill"
"468","E05000468",3,4,1,2,4,0.8,0.8,1.6,2.6,0.955511445027437,"Ravensbury",183.954,"Merton","Ravensbury"
"469","E05000469",27,41,11,17,44,1,0.6,1.4,28,3.3322045101752,"Raynes Park",185.651,"Merton","Raynes Park"
"470","E05000470",1,3.5,0,2,3,0.8,0.8,1.4,1.8,0.587786664902119,"St. Helier",184.527,"Merton","St. Helier"
"471","E05000471",2,7.5,1,3,3,0.8,0.8,1.6,3.1,0.998029966370392,"Trinity",107.601,"Merton","Trinity"
"472","E05000472",4,5,1,2,0,0.4,0.2,1,1.6,0.470003629245735,"Village",621.285,"Merton","Village"
"473","E05000473",1,2,1,2,3,1,0.6,1.4,1.8,0.587786664902119,"West Barnes",195.164,"Merton","West Barnes"
"474","E05000474",2,5,0,2,6,0.8,0.6,1.4,4.6,1.52605630349505,"Wimbledon Park",231.007,"Merton","Wimbledon Park"
"475","E05000475",0,4,0,2,3,0.6,0.4,1,1.8,0.587786664902119,"Beckton",625.188,"Newham","Beckton"
"476","E05000476",0,2,1,4,0,0.8,0.8,1.4,1.6,0.470003629245736,"Boleyn",91.718,"Newham","Boleyn"
"477","E05000477",0,2,0,3,6,0.8,0.8,1.4,2,0.693147180559945,"Canning Town North",252.085,"Newham","Canning Town North"
"478","E05000478",1,4,2,1,5,0.8,0.8,1.6,2.6,0.955511445027436,"Canning Town South",180.875,"Newham","Canning Town South"
"479","E05000479",1,3,1,2,0,0.8,0.6,1.2,1.6,0.470003629245736,"Custom House",206.344,"Newham","Custom House"
"480","E05000480",15,5,2,5,6,1,0.8,1.6,6.4,1.85629799036563,"East Ham Central",103.197,"Newham","East Ham Central"
"481","E05000481",1,2,2,3,0,0.8,0.8,1.6,1.6,0.470003629245736,"East Ham North",90.464,"Newham","East Ham North"
"482","E05000482",0,5,1,4,4,0.8,0.6,1.4,2.4,0.8754687373539,"East Ham South",180.899,"Newham","East Ham South"
"483","E05000483",1,2,0,0,2,0.6,0.8,1.4,1,0,"Forest Gate North",124.768,"Newham","Forest Gate North"
"484","E05000484",1,2,0,5,0,0.6,0.8,1.4,1.6,0.470003629245736,"Forest Gate South",119.201,"Newham","Forest Gate South"
"485","E05000485",3,13,2,8,3,1,0.8,1.6,6.8,1.91692261218206,"Green Street East",74.631,"Newham","Green Street East"
"486","E05000486",3,13,4,9,6,1,0.6,1.6,6.8,1.91692261218206,"Green Street West",80.195,"Newham","Green Street West"
"487","E05000487",1,3,1,1,2,0.6,0.6,1.4,1,0,"Little Ilford",189.961,"Newham","Little Ilford"
"488","E05000488",1,3,1,2,3,0.8,0.6,1.4,1.6,0.470003629245736,"Manor Park",133.487,"Newham","Manor Park"
"489","E05000489",1,9,1,5,6,1,0.8,1.8,4.4,1.48160454092422,"Plaistow North",98.418,"Newham","Plaistow North"
"490","E05000490",1,3,1,2,2,0.8,0.8,1.6,1.4,0.336472236621213,"Plaistow South",138.452,"Newham","Plaistow South"
"491","E05000491",0,3,1,1,2,0.6,0.6,1.4,1.6,0.470003629245736,"Royal Docks",473.052,"Newham","Royal Docks"
"492","E05000492",1,7,0,1,3,0.6,0.4,1.2,1.8,0.587786664902119,"Stratford and New Town",423.497,"Newham","Stratford and New Town"
"493","E05000493",0,3,0,0,2,0.4,0.6,1.2,1,0,"Wall End",137.675,"Newham","Wall End"
"494","E05000494",3,9,3,5,7,1,0.8,1.6,4.4,1.48160454092422,"West Ham",133.7,"Newham","West Ham"
"495","E05000495",0,2,1,3,2,0.8,0,0.8,1.6,0.470003629245735,"Aldborough",859.974,"Redbridge","Aldborough"
"496","E05000496",3,4,2,3,7,1,0.8,1.7,4.2,1.43508452528932,"Barkingside",152.92,"Redbridge","Barkingside"
"497","E05000497",2,17,2,4,17,1,0.6,1.4,8.4,2.12823170584927,"Bridge",257.86,"Redbridge","Bridge"
"498","E05000498",3,1,0,3,2,0.8,0.8,1.6,1.6,0.470003629245735,"Chadwell",151.263,"Redbridge","Chadwell"
"499","E05000499",13,33,11,11,11,1,0.6,1.6,15.8,2.76000994003292,"Church End",148.496,"Redbridge","Church End"
"500","E05000500",2,5,1,3,7,1,0.6,1.6,3.6,1.28093384546206,"Clayhall",249.389,"Redbridge","Clayhall"
"501","E05000501",1,2,0,0,8,0.4,0.8,1.4,1.8,0.587786664902119,"Clementswood",127.215,"Redbridge","Clementswood"
"502","E05000502",2,5,1,4,8,0.8,0.6,1.4,2.8,1.02961941718116,"Cranbrook",240.079,"Redbridge","Cranbrook"
"503","E05000503",5,8,5,4,13,1,0.6,1.4,7,1.94591014905531,"Fairlop",359.569,"Redbridge","Fairlop"
"504","E05000504",0.5,2,1,2,5,0.8,0.6,1.4,1.8,0.587786664902119,"Fullwell",218.787,"Redbridge","Fullwell"
"505","E05000505",7,7,1,3,24,1,0.6,1.4,8.4,2.12823170584927,"Goodmayes",164.034,"Redbridge","Goodmayes"
"506","E05000506",1,2,0,2,1,0.8,0,0.8,1,0,"Hainault",565.287,"Redbridge","Hainault"
"507","E05000507",1,2,0,5,1,0.8,0.6,1.4,1.8,0.587786664902119,"Loxford",128.823,"Redbridge","Loxford"
"508","E05000508",1,1,0,3,2,0.6,0.6,1.2,1.4,0.336472236621213,"Mayfield",188.217,"Redbridge","Mayfield"
"509","E05000509",0,4,2,4,1,0.8,0.4,1.2,2.2,0.78845736036427,"Monkhams",307.676,"Redbridge","Monkhams"
"510","E05000510",0,4,2,3,8,0.8,0.8,1.6,4,1.38629436111989,"Newbury",212.023,"Redbridge","Newbury"
"511","E05000511",1,2,1,2,3,0.8,0.6,1.4,1.6,0.470003629245736,"Roding",236.297,"Redbridge","Roding"
"512","E05000512",1,2,1,1,1,0.8,0.6,1.4,1.6,0.470003629245736,"Seven Kings",208.338,"Redbridge","Seven Kings"
"513","E05000513",16,51,10,12,47,1,0.6,1.4,28.6,3.35340671782581,"Snaresbrook",198.516,"Redbridge","Snaresbrook"
"514","E05000514",2,6,1.5,5,10,0.8,0.6,1.4,4.6,1.52605630349505,"Valentines",150.328,"Redbridge","Valentines"
"515","E05000515",2,4,0,3,0,0.6,0.4,1,1.6,0.470003629245736,"Wanstead",519.133,"Redbridge","Wanstead"
"516","E05000516",2,10,2,3,5,1,0.6,1.4,4.4,1.48160454092422,"Barnes",300.994,"Richmond upon Thames","Barnes"
"517","E05000517",24,97,15,22,98,1,0,1,51.2,3.93573953204546,"East Sheen",583.319,"Richmond upon Thames","East Sheen"
"518","E05000518",5,9,2,2,8,1,0.8,1.6,5.2,1.64865862558738,"Fulwell and Hampton Hill",191.772,"Richmond upon Thames","Fulwell and Hampton Hill"
"519","E05000519",1,4,1,2,4,0.8,0,1,2.6,0.955511445027436,"Ham, Petersham and Richmond Riverside",943.267,"Richmond upon Thames","Ham, Petersham and Richmond Riverside"
"520","E05000520",2,5,1,2,3,0.8,0,1,2.8,1.02961941718116,"Hampton",687.724,"Richmond upon Thames","Hampton"
"521","E05000521",1,1,1,2,0,0.8,0.8,1.4,1,0,"Hampton North",194.98,"Richmond upon Thames","Hampton North"
"522","E05000522",4,18,0,2,4,0.8,0.4,1.2,3.6,1.28093384546206,"Hampton Wick",274.552,"Richmond upon Thames","Hampton Wick"
"523","E05000523",2,11,1,5,10,1,0.6,1.4,5.8,1.75785791755237,"Heathfield",191.058,"Richmond upon Thames","Heathfield"
"524","E05000524",1,4,1,2,2,0.8,0.8,1.4,1.8,0.587786664902119,"Kew",357.625,"Richmond upon Thames","Kew"
"525","E05000525",1,7,1,2,5,1,0.6,1.6,1.6,0.470003629245736,"Mortlake and Barnes Common",193.608,"Richmond upon Thames","Mortlake and Barnes Common"
"526","E05000526",1,2,1,2,2,0.8,0.6,1.4,1.2,0.182321556793955,"North Richmond",280.147,"Richmond upon Thames","North Richmond"
"527","E05000527",1,2,1,2,0,0.6,0.8,1.4,1.4,0.336472236621213,"St. Margarets and North Twickenham",200.763,"Richmond upon Thames","St. Margarets and North Twickenham"
"528","E05000528",1,4,4,3,8,0.8,0.6,1.4,2.6,0.955511445027436,"South Richmond",269.139,"Richmond upon Thames","South Richmond"
"529","E05000529",1,4,1,2,3,0.8,0.8,1.4,2.4,0.8754687373539,"South Twickenham",172.727,"Richmond upon Thames","South Twickenham"
"530","E05000530",0,5,0,1,0,0.6,0,0.6,1.2,0.182321556793955,"Teddington",429.55,"Richmond upon Thames","Teddington"
"531","E05000531",1,5,3,2,0,0.8,0.6,1.4,1.6,0.470003629245736,"Twickenham Riverside",196.431,"Richmond upon Thames","Twickenham Riverside"
"532","E05000532",2,3,2,6,5,0.8,0.6,1.4,3.6,1.28093384546206,"West Twickenham",245.856,"Richmond upon Thames","West Twickenham"
"533","E05000533",2,4,0,2,0,0.6,0.8,1.4,1.6,0.470003629245736,"Whitton",162.597,"Richmond upon Thames","Whitton"
"534","E05000534",2,8,1,4,5,1,0.8,1.8,3.6,1.28093384546206,"Brunswick Park",93.441,"Southwark","Brunswick Park"
"535","E05000535",2,18,3,7,7,1,0.6,1.6,7.4,2.00148000021012,"Camberwell Green",97.461,"Southwark","Camberwell Green"
"536","E05000536",0,6,1,1,4,0.8,0.4,1.2,2.4,0.8754687373539,"Cathedrals",176.822,"Southwark","Cathedrals"
"537","E05000537",0,2,1,4,1,0.8,0.8,1.8,1.4,0.336472236621213,"Chaucer",81.977,"Southwark","Chaucer"
"538","E05000538",0,5,0,2,1,0.6,0.4,1,1.6,0.470003629245735,"College",323.324,"Southwark","College"
"539","E05000539",1,11,1,2,3,0.8,0.8,1.8,3.4,1.22377543162212,"East Dulwich",102.069,"Southwark","East Dulwich"
"540","E05000540",0,5,1,3,1,0.8,0.8,1.6,1.8,0.587786664902119,"East Walworth",114.662,"Southwark","East Walworth"
"541","E05000541",0,5,0,3,0,0.4,0.8,1.2,1.4,0.336472236621213,"Faraday",87.815,"Southwark","Faraday"
"542","E05000542",0,5,0,3,1,0.6,0.8,1.4,1.6,0.470003629245736,"Grange",121.453,"Southwark","Grange"
"543","E05000543",2,8,4,3,4,0.8,0.8,1.8,3.2,1.16315080980568,"Livesey",143.832,"Southwark","Livesey"
"544","E05000544",0,5,0,3,0,0.6,0.8,1.4,1.6,0.470003629245736,"Newington",83.358,"Southwark","Newington"
"545","E05000545",1,5,1,3.5,1,0.8,0.8,1.6,3,1.09861228866811,"Nunhead",132.84,"Southwark","Nunhead"
"546","E05000546",1,3,0,2,2,0.6,0.8,1.6,2.4,0.8754687373539,"Peckham",86.966,"Southwark","Peckham"
"547","E05000547",1,4,1,2,0,0.6,0.8,1.4,1.2,0.182321556793955,"Peckham Rye",225.242,"Southwark","Peckham Rye"
"548","E05000548",1,7,1,2,2,1,0.6,1.6,2.6,0.955511445027436,"Riverside",132.822,"Southwark","Riverside"
"549","E05000549",0,5,1,5,3,0.6,0.8,1.6,2.2,0.78845736036427,"Rotherhithe",149.05,"Southwark","Rotherhithe"
"550","E05000550",0,10,2,3,1,0.8,0.8,1.6,4.6,1.52605630349505,"South Bermondsey",97.363,"Southwark","South Bermondsey"
"551","E05000551",0,2,1,3,1,0.8,0.8,1.6,1.6,0.470003629245736,"South Camberwell",133.149,"Southwark","South Camberwell"
"552","E05000552",0,5,3,2,3,0.8,0.8,1.4,2.2,0.78845736036427,"Surrey Docks",190.062,"Southwark","Surrey Docks"
"553","E05000553",2,5,1,4,7,1,0.8,1.6,3,1.09861228866811,"The Lane",138.888,"Southwark","The Lane"
"554","E05000554",3,5,1.5,5,1,1,0.6,1.6,3.6,1.27472258546279,"Village",278.745,"Southwark","Village"
"555","E05000555",2,1,0,2,4,0.6,0.6,1.2,1.4,0.336472236621213,"Beddington North",498.821,"Sutton","Beddington North"
"556","E05000556",1,3,0,3,0,0.6,0.6,1.2,1.2,0.182321556793955,"Beddington South",306.104,"Sutton","Beddington South"
"557","E05000557",1,3,4,6,1,1,0.4,1.4,3,1.09861228866811,"Belmont",233.332,"Sutton","Belmont"
"558","E05000558",1,4,1,2,1,0.8,0.8,1.6,2.2,0.78845736036427,"Carshalton Central",202.382,"Sutton","Carshalton Central"
"559","E05000559",4,3,0,4,1,0.6,0,0.6,2.2,0.78845736036427,"Carshalton South and Clockhouse",705.342,"Sutton","Carshalton South and Clockhouse"
"560","E05000560",6,8,1,10,6,1,0,1,6.2,1.82454929205105,"Cheam",393.038,"Sutton","Cheam"
"561","E05000561",9,39,7,5,29,1,0.6,1.4,21.4,3.06339092202781,"Nonsuch",190.702,"Sutton","Nonsuch"
"562","E05000562",3,9,1,2,10,1,0.8,1.6,4.4,1.48160454092422,"St. Helier",149.667,"Sutton","St. Helier"
"563","E05000563",1,6,0,2,5,0.8,0.8,1.4,3,1.09861228866811,"Stonecot",198.358,"Sutton","Stonecot"
"564","E05000564",2,3,1,7,1,1,0.8,1.6,2.2,0.78845736036427,"Sutton Central",131.048,"Sutton","Sutton Central"
"565","E05000565",0,2,0,2,1,0.6,0.8,1.4,1.2,0.182321556793955,"Sutton North",187.372,"Sutton","Sutton North"
"566","E05000566",1.5,3,2,6,1,1,0.4,1.2,3,1.09861228866811,"Sutton South",127.159,"Sutton","Sutton South"
"567","E05000567",2,2,0,1,1,0.6,0.8,1.4,1.2,0.182321556793955,"Sutton West",178.215,"Sutton","Sutton West"
"568","E05000568",2,11,4,5,11,1,0.6,1.6,6.6,1.88706964903238,"The Wrythe",148.361,"Sutton","The Wrythe"
"569","E05000569",4,8,1,5,8,0.8,0.6,1.6,5,1.6094379124341,"Wallington North",161.927,"Sutton","Wallington North"
"570","E05000570",4,8,2,4,5,1,0.8,1.4,4.2,1.43508452528932,"Wallington South",171.798,"Sutton","Wallington South"
"571","E05000571",3,7,1,4,7,1,0.6,1.5,4.4,1.48160454092422,"Wandle Valley",205.369,"Sutton","Wandle Valley"
"572","E05000572",9,39,7,5,29,1,0.4,1.2,21.4,3.06339092202781,"Worcester Park",195.703,"Sutton","Worcester Park"
"573","E05000573",0,2,0,3,2,0.6,0.4,1.2,1.4,0.336472236621213,"Bethnal Green North",82.534,"Tower Hamlets","Bethnal Green North"
"574","E05000574",0,7,2,3,2,0.8,0.8,1.4,2.6,0.955511445027436,"Bethnal Green South",88.187,"Tower Hamlets","Bethnal Green South"
"575","E05000575",1,5,2,4,4,0.8,0.8,1.6,4,1.38629436111989,"Blackwall and Cubitt Town",296.713,"Tower Hamlets","Blackwall and Cubitt Town"
"576","E05000576",2,5,1,4,2,1,0.8,1.8,3.2,1.16315080980568,"Bow East",186.61,"Tower Hamlets","Bow East"
"577","E05000577",2,2,2,2,0,0.8,0.6,1.6,1.6,0.470003629245736,"Bow West",134.293,"Tower Hamlets","Bow West"
"578","E05000578",1,3,2,2,0,0.8,0.8,1.6,1.4,0.336472236621213,"Bromley-by-Bow",107.073,"Tower Hamlets","Bromley-by-Bow"
"579","E05000579",4,16,6,7,9,1,0.8,1.6,7.8,2.05412373369555,"East India and Lansbury",122.341,"Tower Hamlets","East India and Lansbury"
"580","E05000580",2,20.5,5,10,9,1,0.8,1.6,9.2,2.16299262189513,"Limehouse",114.284,"Tower Hamlets","Limehouse"
"581","E05000581",0,2,0,3,2,0.6,0.8,1.4,1.4,0.336472236621213,"Mile End and Globe Town",90.039,"Tower Hamlets","Mile End and Globe Town"
"582","E05000582",7.5,55.5,5,16,44,1,0.8,1.6,24.5,2.7905436973194,"Mile End East",107.133,"Tower Hamlets","Mile End East"
"583","E05000583",1,7,1,4,3,0.8,0.8,1.6,3,1.09861228866811,"Millwall",245.818,"Tower Hamlets","Millwall"
"584","E05000584",0,7,2,3,1,0.8,1,1.6,2.6,0.955511445027436,"St. Dunstan's and Stepney Green",101.848,"Tower Hamlets","St. Dunstan's and Stepney Green"
"585","E05000585",0,8,1,2,2,0.6,0.8,1.6,2,0.693147180559945,"St. Katharine's and Wapping",150.909,"Tower Hamlets","St. Katharine's and Wapping"
"586","E05000586",1,11,1,8,5,0.8,0.6,1.6,5,1.6094379124341,"Shadwell",96.225,"Tower Hamlets","Shadwell"
"587","E05000587",146,1025,161,148,1046,1,0.6,1.4,505.2,6.22495439047634,"Spitalfields and Banglatown",63.773,"Tower Hamlets","Spitalfields and Banglatown"
"588","E05000588",1,6,2,5,7,1,0.8,1.6,6.2,1.82454929205105,"Weavers",77.575,"Tower Hamlets","Weavers"
"589","E05000589",146,1025,161,148,1046,1,0.6,1.6,505.2,6.22495439047634,"Whitechapel",92.147,"Tower Hamlets","Whitechapel"
"590","E05000590",1,2,2,2,3,1,0.8,1.6,2.6,0.955511445027436,"Cann Hall",85.788,"Waltham Forest","Cann Hall"
"591","E05000591",2,2,0,2,1,0.6,0.6,1.2,1,0,"Cathall",105.712,"Waltham Forest","Cathall"
"592","E05000592",0,4,2,2,2,0.8,0.6,1.2,1.2,0.182321556793955,"Chapel End",185.015,"Waltham Forest","Chapel End"
"593","E05000593",16,67,13,24,48,1,0.4,1.2,33.6,3.51452606696916,"Chingford Green",372.664,"Waltham Forest","Chingford Green"
"594","E05000594",2,6,0,2,0,0.6,0.6,1.2,1.6,0.470003629245736,"Endlebury",194.912,"Waltham Forest","Endlebury"
"595","E05000595",2,3,1,5,0,0.6,0.6,1.3,2,0.693147180559945,"Forest",198.605,"Waltham Forest","Forest"
"596","E05000596",1,9,1,3,16,1,0.8,1.8,5.8,1.75785791755237,"Grove Green",89.582,"Waltham Forest","Grove Green"
"597","E05000597",2,3,0,4,1,0.8,0.6,1.4,1.4,0.336472236621213,"Hale End and Highams Park",234.689,"Waltham Forest","Hale End and Highams Park"
"598","E05000598",7,9,2,5,11,1,0.4,1.4,6.8,1.91692261218206,"Hatch Lane",241.621,"Waltham Forest","Hatch Lane"
"599","E05000599",0,0,3,2,1,0.6,0,0.8,1.2,0.182321556793955,"High Street",305.893,"Waltham Forest","High Street"
"600","E05000600",1,2,3,2,4,1,0.6,1.6,2,0.693147180559945,"Higham Hill",322.124,"Waltham Forest","Higham Hill"
"601","E05000601",1,5,2,2,2,0.6,0.8,1.6,2.2,0.78845736036427,"Hoe Street",110.006,"Waltham Forest","Hoe Street"
"602","E05000602",2,6,2,2,2,0.8,0.6,1.4,1.6,0.470003629245736,"Larkswood",206.57,"Waltham Forest","Larkswood"
"603","E05000603",0,4,1,3,6,0.6,0.6,1.4,2.2,0.78845736036427,"Lea Bridge",264.686,"Waltham Forest","Lea Bridge"
"604","E05000604",1,4,1,2,8,0.8,0.8,1.4,4.2,1.43508452528932,"Leyton",203.218,"Waltham Forest","Leyton"
"605","E05000605",6,5,3,5,1,1,0.8,1.8,4,1.38629436111989,"Leytonstone",130.591,"Waltham Forest","Leytonstone"
"606","E05000606",2,4,1,2,4,0.8,0.8,1.6,3.6,1.28093384546206,"Markhouse",145.704,"Waltham Forest","Markhouse"
"607","E05000607",0,5,0,2,8,0.8,0.8,1.4,2,0.693147180559945,"Valley",198.482,"Waltham Forest","Valley"
"608","E05000608",0,1,1,2,2,0.8,0.8,1.6,1.2,0.182321556793955,"William Morris",99.919,"Waltham Forest","William Morris"
"609","E05000609",1,3,2,7,0,0.8,0.6,1.4,2,0.693147180559945,"Wood Street",185.011,"Waltham Forest","Wood Street"
"610","E05000610",1,7,2,4,7,1,0.8,1.6,4.2,1.43508452528932,"Balham",121.176,"Wandsworth","Balham"
"611","E05000611",1,2,1,3,3,0.8,0,1,1.8,0.587786664902119,"Bedford",180.48,"Wandsworth","Bedford"
"612","E05000612",0,4,0,0,2,0.4,0.4,1,1.2,0.182321556793955,"Earlsfield",140.341,"Wandsworth","Earlsfield"
"613","E05000613",1,3,0,5,4,0.6,0.6,1.4,1.6,0.470003629245735,"East Putney",161.034,"Wandsworth","East Putney"
"614","E05000614",1,3,2,4,0,0.6,0.6,1.4,1.4,0.336472236621213,"Fairfield",145.428,"Wandsworth","Fairfield"
"615","E05000615",3,1,0,5,2,0.6,0.8,1.4,1.8,0.587786664902119,"Furzedown",141.528,"Wandsworth","Furzedown"
"616","E05000616",2,4,1,0,2,0.8,0.8,1.6,1.8,0.587786664902119,"Graveney",101.117,"Wandsworth","Graveney"
"617","E05000617",0,3,1,4,1.5,0.6,0.6,1.2,2.1,0.712757537136586,"Latchmere",108.326,"Wandsworth","Latchmere"
"618","E05000618",1,1,2,1,1,0.8,0.6,1.4,1.4,0.336472236621213,"Nightingale",123.197,"Wandsworth","Nightingale"
"619","E05000619",0,5,1,4,1,0.6,0.8,1.4,2,0.693147180559945,"Northcote",167.535,"Wandsworth","Northcote"
"620","E05000620",2,8.5,2,4,7,1,0.6,1.2,4.4,1.44295870377339,"Queenstown",320.486,"Wandsworth","Queenstown"
"621","E05000621",2,3,1,2,3,0.8,0.6,1.4,2.2,0.78845736036427,"Roehampton and Putney Heath",442.415,"Wandsworth","Roehampton and Putney Heath"
"622","E05000622",1,5,1,5,7,1,0.8,1.6,2.8,1.02961941718116,"St. Mary's Park",139.685,"Wandsworth","St. Mary's Park"
"623","E05000623",0,1,0,6,3,0.6,0.6,1.2,2,0.693147180559945,"Shaftesbury",94.789,"Wandsworth","Shaftesbury"
"624","E05000624",2,4,0,3,4,0.8,0.8,1.6,1.8,0.587786664902119,"Southfields",152.469,"Wandsworth","Southfields"
"625","E05000625",8,6,0,6,1,0.8,0.8,1.6,4.2,1.43508452528932,"Thamesfield",192.172,"Wandsworth","Thamesfield"
"626","E05000626",2,2,1,2,2,0.8,0.8,1.5,1.8,0.587786664902119,"Tooting",160.02,"Wandsworth","Tooting"
"627","E05000627",0,5,0,1,1,0.6,0.6,1.4,1.8,0.587786664902119,"Wandsworth Common",276.497,"Wandsworth","Wandsworth Common"
"628","E05000628",1,2,0,2,3,0.8,0.8,1.4,1.8,0.587786664902119,"West Hill",168.568,"Wandsworth","West Hill"
"629","E05000629",2,3,1,2,2,0.8,0.8,1.4,2.2,0.78845736036427,"West Putney",184.761,"Wandsworth","West Putney"
"630","E05000630",9,86,5,16,31,1,0.8,1.8,29.4,3.38099467434464,"Abbey Road",109.492,"Westminster","Abbey Road"
"631","E05000631",2,3,3,3,2,1,0.8,1.8,2.6,0.955511445027436,"Bayswater",51.949,"Westminster","Bayswater"
"632","E05000632",1,8,2,0,1,0.8,0.6,1.4,2.6,0.955511445027436,"Bryanston and Dorset Square",72.318,"Westminster","Bryanston and Dorset Square"
"633","E05000633",2,7,1,6,10,1,0.6,1.6,5.2,1.64865862558738,"Churchill",60.923,"Westminster","Churchill"
"634","E05000634",1,5,2,0,1,0.8,0.8,1.6,1.4,0.336472236621213,"Church Street",44.269,"Westminster","Church Street"
"635","E05000635",5,34,2,4,31,1,0.8,1.8,14.4,2.66722820658196,"Harrow Road",49.519,"Westminster","Harrow Road"
"636","E05000636",0,12,1,0,0,0.4,0.8,1.2,2.6,0.955511445027436,"Hyde Park",95.514,"Westminster","Hyde Park"
"637","E05000637",3,12,1,6,10,1,0.2,1.2,5.2,1.64865862558738,"Knightsbridge and Belgravia",359.43,"Westminster","Knightsbridge and Belgravia"
"638","E05000638",0,11,0,3,4,0.6,0.8,1.4,3.6,1.28093384546206,"Lancaster Gate",63.082,"Westminster","Lancaster Gate"
"639","E05000639",0,5,1,0,0,0.6,0.8,1.2,1.4,0.336472236621213,"Little Venice",63.733,"Westminster","Little Venice"
"640","E05000640",1,5,2,1,4,0.8,0.8,1.6,3.6,1.28093384546206,"Maida Vale",64.615,"Westminster","Maida Vale"
"641","E05000641",1054,4527,321,425,3385,1,0.4,1.4,1942.4,7.57167960086518,"Marylebone High Street",100.107,"Westminster","Marylebone High Street"
"642","E05000642",1,5,0.5,3,0,0.6,0.8,1.5,1.7,0.528895147073927,"Queen's Park",58.441,"Westminster","Queen's Park"
"643","E05000643",2,6,2,1,4,0.8,0.5,1.4,3,1.09861228866811,"Regent's Park",225.576,"Westminster","Regent's Park"
"644","E05000644",1054,4527,321,425,3385,1,0,1,1942.4,7.57167960086518,"St. James's",346.379,"Westminster","St. James's"
"645","E05000645",0,8,0,1,0,0.4,0.8,1.2,1.8,0.587786664902119,"Tachbrook",44.328,"Westminster","Tachbrook"
"646","E05000646",0,8,0,1,0,0.4,0.6,1.2,1.8,0.587786664902119,"Vincent Square",68.355,"Westminster","Vincent Square"
"647","E05000647",2,7,1,6,10,1,0.6,1.6,5.2,1.64865862558738,"Warwick",57.354,"Westminster","Warwick"
"648","E05000648",2,5,3,3,2,1,0.8,1.6,2.6,0.955511445027436,"Westbourne",67.646,"Westminster","Westbourne"
"649","E05000649",1054,4527,321,425,3385,1,0.6,1.6,1942.4,7.57167960086518,"West End",199.973,"Westminster","West End"
